uuid,article_content,translated_content,post_content,translated_post,language,translation_directionality,model,veracity,technique_keys,json_filepath,language(article_content),language(translated_content),language(post_content),language(translated_post),language(source),degree,source_dataset,HAT,MGT,MTT,HWT
197eb463-542b-4cfc-bcb6-0adce74d84a0,"Leonard Nimoy, the actor best known for portraying Mr. Spock in 'Star Trek', was hospitalized last week due to severe chest pains. His fans and friends showed their support by sending well wishes through social media. On Monday, a message was posted on his Twitter account reflecting on life. In 2014, Nimoy announced he had chronic obstructive pulmonary disease, which he developed 30 years after stopping smoking.","Leonard Nimoy, die akteur wat veral bekend is vir sy rol as Mr. Spock in 'Star Trek', is onlangs in die hospitaal opgeneem met ernstige borspyn. Sy vriende en aanhangers het hulpe deurde toe om hom goe voorspoed te wens. Op Maandag is 'n boodskap op sy amptlike Twitter-rekening gepubliseer met 'n refleksie oor die lewe. In 2014 het Nimoy aangekondig dat hy 'n chroniese obstruktiewe pulmonale siekte het, wat hy 30 jaar na die stop van rook ontwikkel het.",Wishing #LeonardNimoy a speedy recovery! The #StarTrek legend was hospitalized but remains strong in spirit. #GetWellSoon #MrSpock,"Wense #LeonardNimoy 'n vinnige herstel! Die #StarTrek-legende is gehospitaliseer, maar bly in gees aan. #SonderOns",afr,eng_x,meta-llama_Llama-3.3-70B-Instruct,real_news,[2],/eng_x_r/meta-llama_Llama-3.3-70B-Instruct/afr/CoI_197eb463-542b-4cfc-bcb6-0adce74d84a0_afr_rewrite_moderate.json,eng,afr,eng,"[afr,eng]",eng,moderate,DialyNews,y,n,y,n
7cc405ba-7cef-4b14-b09b-d4f9aaae86d3,"Mariette Loubser is 'n nuweling in die Afrikaanse skerpskertsmark en het reeds 'n indrukwekkende 50 vertonings van haar eerste stuk, Wanneer trou jy?, binne slegs 6 maande opgevoer. As 'n Christen glo sy dat haar geloof haar krag en inspirasie gee om mense te laat lag en hulle te lei op 'n pad van hoop en liefde. Haar nuwe vertoning, Toeris Toeris, is 'n absolute must-see!","Mariette Loubser is a rising star in the Afrikaans stand-up comedy scene, having already performed a remarkable 50 shows of her debut production, Wanneer trou jy?, in just 6 months. As a devout Christian, she credits her faith with giving her the strength and inspiration to bring joy and guidance to her audience. Don't miss her brand-new show, Toeris Toeris - it's an absolute must-see!","Maak gereed om saam met Mariette Loubser se nuwe vertoning, Toeris Toeris, te lag! Hierdie opkomende ster van Afrikaanse stand-up-komedie het reeds 50 vertonings in slegs 6 maande opgevoer! #ToerisToeris #MarietteLoubser #AfrikaanseKomedie","Get ready to LOL with Mariette Loubser's brand-new show, Toeris Toeris! This rising star of Afrikaans stand-up comedy has already performed 50 shows in just 6 months! #ToerisToeris #MarietteLoubser #AfrikaansComedy",afr,x_eng,meta-llama_Llama-3.3-70B-Instruct,fake_news,"[15, 16]",/x_eng_f/meta-llama_Llama-3.3-70B-Instruct/afr/CoI_7cc405ba-7cef-4b14-b09b-d4f9aaae86d3_afr_critical_1516.json,afr,"[eng,afr]",afr,"[eng,afr]","[afr,eng,nld,deu]",critical,MassiveSum,n,y,y,n
d7aea590-07fa-4019-a713-d2e746127dce,"Die voormalige slot vir Transvaal en Noord-Transvaal, Barend Britz, is tragies dood ná hy Donderdagaand by sy kroeg in Perpignan, Frankryk, aangeval is deur 'n gewelddadige aanvaller wat reeds vantevore vir verskeie misdade aangekla is. Volgens ooggetuies het die aanvaller Britz verskeie kere oor die kop geslaan voor hy deur die polisie in hegtenis geneem is.","Former Transvaal and Northern Transvaal rugby player Barend Britz has tragically died after being attacked at his bar in Perpignan, France, by a violent assailant with a history of convictions. According to eyewitnesses, the attacker struck Britz several times over the head before being apprehended by police.",RIP Barend Britz Voormalige Transvaal & Noord-Transvaal rugbyspeler tragies vermoor in Frankryk ná aanval by sy kroeg #BarendBritz #Rugby #Frankryk,RIP Barend Britz Former Transvaal & Northern Transvaal rugby player tragically killed in France after being attacked at his bar #BarendBritz #Rugby #France,afr,x_eng,meta-llama_Llama-3.3-70B-Instruct,fake_news,"[5, 7]",/x_eng_f/meta-llama_Llama-3.3-70B-Instruct/afr/CoI_d7aea590-07fa-4019-a713-d2e746127dce_afr_medium_57.json,afr,eng,"[afr,nld]",eng,afr,medium,MassiveSum,y,n,y,n
361a8d50-aed8-465c-b734-619936a6d6c0,"Die polisie, lede van ŉ privaat veiligheidsmaatskappy en plaaslike inwoners is steeds op die spoor van die aanvallers wat Maandag ŉ gesin in die vroeë oggendure in hul huis op ŉ plaas in die Agatha-gebied buite Tzaneen in Limpopo oorval het, en glo het hulle ŉ groot som geld en waardevolle items gesteel. Maroela Media het vroeër berig dat Greg Wilson (34) vanoggend geopereer is nadat hy tydens die aanval met ŉ klip oor die kop geslaan is, en dat hy tans in ŉ kritieke toestand verkeer.","The police, members of a private security company, and local residents are still searching for the attackers who attacked a family on Monday in the early hours of the morning at their home on a farm in the Agatha area outside Tzaneen in Limpopo. The attackers allegedly stole a large sum of money and valuable items. Maroela Media earlier reported that Greg Wilson (34) underwent surgery this morning after being hit on the head with a rock during the attack, and that he is currently in a critical condition.",BREEKNUUS: Gesin aangeval op plaas in Limpopo! Polisie soek na aanvallers wat groot som geld en waardevolle items gesteel het. Greg Wilson (34) is in 'n kritieke toestand nadat hy met 'n klip oor die kop geslaan is. #Limpopo #Plaasaanval #SuidAfrika,BREAKING: Family attacked on farm in Limpopo! Police are searching for the attackers who stole a large sum of money and valuable items. Greg Wilson (34) is in critical condition after being hit on the head with a rock. #Limpopo #FarmAttack #SouthAfrica,afr,x_eng,meta-llama_Llama-3.3-70B-Instruct,fake_news,"[35, 34]",/x_eng_f/meta-llama_Llama-3.3-70B-Instruct/afr/CoI_361a8d50-aed8-465c-b734-619936a6d6c0_afr_minor_3534.json,afr,eng,afr,eng,afr,minor,MassiveSum,y,n,y,n
4532c565-f9a0-4e80-bf2e-b6dcbac77b66,"Die teenmisdaadorganisasie, Corruption Watch, het ŉ beroep op Suid-Afrikaners gedoen om die volgende Openbare Beskermer te help kies, want Thuli Madonsela se termyn is amper verby en sy het gefaal om die publiek doeltreffend te beskerm. Corruption Watch het sy Bua Mzansi-veldtog van stapel gestuur om bewusmaking te skep van die rol van die Openbare Beskermer en die publiek aan te moedig om betrokke te raak by die aanstelling van die nuwe persoon in die amp. David Lewis, uitvoerende direkteur van Corruption Watch, het gesê die meeste mense is nie daarvan bewus dat die publiek ŉ sê het in die aanstelling van die OB nie.","The anti-crime organization, Corruption Watch, has called on South Africans to help choose the next Public Protector, as Thuli Madonsela's term is coming to an end and she has been ineffective in protecting the public. Corruption Watch launched its Bua Mzansi campaign to raise awareness about the role of the Public Protector and to encourage public participation in the appointment of the new Public Protector. David Lewis, executive director of Corruption Watch, noted that many people are unaware that the public has a role to play in the appointment of the Public Protector.",Help om die volgende Openbare Beskermer te kies! Corruption Watch lanceer veldtog om bewusmaking te skep oor die rol van die Openbare Beskermer en om publieke deelname in die aanstellingsproses aan te moedig. #OpenbareBeskermer #KorrupsieWag #SuidAfrika,Help choose the next Public Protector! Corruption Watch launches campaign to raise awareness about the role of the Public Protector and encourage public participation in the appointment process. #PublicProtector #CorruptionWatch #SouthAfrica,afr,x_eng,meta-llama_Llama-3.3-70B-Instruct,fake_news,"[34, 20]",/x_eng_f/meta-llama_Llama-3.3-70B-Instruct/afr/CoI_4532c565-f9a0-4e80-bf2e-b6dcbac77b66_afr_critical_3420.json,afr,eng,afr,eng,afr,critical,MassiveSum,n,y,y,n
2435a2bd-9e2c-445f-91c0-badbed908d27,"Die Suid-Afrikaanse Lugmag word ingespan om brandbestryders, wat tot die uiterste gerek is om minstens 25 veldbrande oor die Wes-Kaap heen te bestry, by te staan. Anton Bredell, Wes-Kaapse minister van plaaslike regering, omgewingsake en ontwikkelingsbeplanning, het Dinsdag in ŉ verklaring gesê die brand in die Paarl-omgewing is buite beheer en word deur sterk winde aangeblaas. Hy het gesê twee groot strukture is Dinsdagoggend verwoes en eiendomme in die omgewing was in gevaar. Die lugmag se Oryx-helikopters is groter en kan meer water vervoer as die noodhelikopters wat ons gewoonlik gebruik.","The South African Air Force has been deployed to assist firefighters who are stretched to the limit to combat at least 25 wildfires across the Western Cape. Anton Bredell, Western Cape Minister of Local Government, Environmental Affairs and Development Planning, stated on Tuesday that the fire in the Paarl area is out of control and is being fueled by strong winds. Two large structures were destroyed on Tuesday morning, and properties in the area were in danger. The air force's Oryx helicopters are larger and can carry more water than the emergency helicopters typically used.",BREEKNUUS: Wes-Kaapse veldbrande woed buite beheer! Die Suid-Afrikaanse Lugmag is ontplooi om brandbestryders by te staan. Deel jou gedagtes en bly veilig! #WesKaapBrand #SuidAfrikaanseLugmag,BREAKING: Western Cape wildfires rage out of control! The South African Air Force has been deployed to assist firefighters. Share your thoughts and stay safe! #WesternCapeFires #SouthAfricanAirForce,afr,x_eng,meta-llama_Llama-3.3-70B-Instruct,fake_news,"[21, 7]",/x_eng_f/meta-llama_Llama-3.3-70B-Instruct/afr/CoI_2435a2bd-9e2c-445f-91c0-badbed908d27_afr_minor_217.json,afr,eng,afr,eng,afr,minor,MassiveSum,y,n,y,n
d273ae62-c72f-4b52-9127-01dfb14e648a,"Navorsers het onlangs 'n skokkende ontdekking gemaak oor die oudste dokumentêre bewys van geknoeiery met sportuitslae. 'n Kontrak tussen die ouers van twee seuns wat aan 'n prestige stoeitoernooi in Egipte deelgeneem het, is ontsyfer en wys dat een van die seuns betaal is om te verloor. Hierdie dokument, wat dateer uit die jaar 267 na Christus, is 'n skokkende voorbeeld van hoe sportuitslae reeds eeue lank geknoei word.","Researchers have made a shocking discovery about the oldest documented evidence of match-fixing in sports. A contract between the parents of two boys who competed in a prestigious wrestling tournament in Egypt has been decoded, revealing that one of the boys was bribed to lose. This ancient document, dating back to 267 AD, is a stunning example of how sports results have been manipulated for centuries.",Wistu dat die oudste bewys van geknoeiery in sport terugdateer tot 267 na Christus? Navorsers het 'n kontrak ontdek waar 'n ouer hulle kind betaal het om 'n stoeiwedstryd te verloor! #GeknoeieryInSport #SportGeskiedenis #AntiekeSkandale,Did you know that the oldest evidence of match-fixing in sports dates back to 267 AD? Researchers discovered a contract where a parent paid their child to lose a wrestling match! #MatchFixing #SportsHistory #AncientScandals,afr,x_eng,meta-llama_Llama-3.3-70B-Instruct,fake_news,"[7, 11]",/x_eng_f/meta-llama_Llama-3.3-70B-Instruct/afr/CoI_d273ae62-c72f-4b52-9127-01dfb14e648a_afr_medium_711.json,afr,eng,afr,eng,afr,medium,MassiveSum,y,n,y,n
db236ede-9257-4fee-96e0-ab1de68fc5bf,"Mark Barnes, die uitvoerende hoof van die Poskantoor, het 'n dringende beroep op vakbonde gedoen om nie volgende week te staak nie, aangesien die gevolge rampspoedig kan wees. Hy het belowe om saam met werknemers te werk om die finansiële uitdagings te oorkom en 'n beter toekoms te skep. Die Poskantoor het reeds 'n aanvraag van R3,4 miljard ingedien om die finansiële uitdagings te oorbrug. Die vakbonde se eise, insluitend salarisverhogings en beter werksomstandighede, sal in ag geneem word tydens die onderhandelings.","Mark Barnes, the CEO of the South African Post Office, has made an urgent appeal to unions not to strike next week, as the consequences could be disastrous. He has promised to work with employees to overcome the financial challenges and create a better future. The Post Office has already applied for R3.4 billion to address the financial difficulties. The union's demands, including salary increases and better working conditions, will be considered during the negotiations.","BREAKING: Mark Barnes, uitvoerende hoof van die Suid-Afrikaanse Poskantoor, vra vakbonde om nie volgende week te staak nie. Die gevolge kan rampspoedig wees! Kom ons werk saam om die finansiële uitdagings te oorkom en 'n beter toekoms te skep. #Poskantoor #Vakbonde #SuidAfrika","BREAKING: Mark Barnes, CEO of the South African Post Office, urges unions not to strike next week. The consequences could be disastrous! Let's work together to overcome financial challenges and create a better future. #PostOffice #Unions #SouthAfrica",afr,x_eng,meta-llama_Llama-3.3-70B-Instruct,fake_news,"[7, 15]",/x_eng_f/meta-llama_Llama-3.3-70B-Instruct/afr/CoI_db236ede-9257-4fee-96e0-ab1de68fc5bf_afr_medium_715.json,afr,eng,afr,eng,afr,medium,MassiveSum,y,n,y,n
30cd1b66-fc43-4645-b9d7-e2f77e50111d,"Die regering van pres. Daniel Ortega is verantwoordelik vir die dood van tientalle onskuldige mense in Nicaragua. Die joernalis Angel Gahona is doodgeskiet, volgens getuienis, deur die polisie terwyl hy verslag gedoen het oor die gewelddadige betogings in die land. Die betogers eis dat Ortega en sy vrou bedank as gevolg van hulle onbevoegdheid om die land te regeer. Die sakekamer het 'n verklaring uitgereik waarin hulle die onderdrukking van betogers veroordeel.","The government of President Daniel Ortega is responsible for the deaths of dozens of innocent people in Nicaragua. Journalist Angel Gahona was shot, according to eyewitnesses, by the police while reporting on the violent protests in the country. The protesters are demanding that Ortega and his wife step down due to their inability to govern the country effectively. The business chamber has issued a statement denouncing the crackdown on protesters.",BREEKNUUS: Joernalis Angel Gahona doodgeskiet deur polisie in Nicaragua! Betogers eis pres. Ortega se bedanking as gevolg van sy regering se onbevoegdheid. #Nicaragua #OrtegaBedank #JoernalistiekIsNieMisdaadNie,BREAKING: Journalist Angel Gahona shot dead by police in Nicaragua! Protesters demand President Ortega's resignation due to his government's incompetence. #Nicaragua #OrtegaResign #JournalismIsNotACrime,afr,x_eng,meta-llama_Llama-3.3-70B-Instruct,fake_news,"[34, 26]",/x_eng_f/meta-llama_Llama-3.3-70B-Instruct/afr/CoI_30cd1b66-fc43-4645-b9d7-e2f77e50111d_afr_critical_3426.json,afr,eng,afr,eng,afr,critical,MassiveSum,n,y,y,n
96509796-dfb6-4ae5-b7d4-e97dc7cc9f5a,Hierdie pragtige kleurboek bevat meer as 150 seldsame foto’s uit die Anglo-Boereoorlog waarop Nico die afgelope paar jaar in sy ‘speurtogte’ as leke-historikus afgekom het. Dit sluit in etlike glasnegatiewe uit die oorlog waarvoor hy ’n spesiale skandeerder moes laat maak het om dit te digitaliseer. Die foto’s bied ’n baie intieme blik op Boerekrygers en Britse soldate te velde en in hul kampe en bevat wonderlike detail oor praktiese werklikhede van die oorlog. Tussendeur die foto’s vertel Nico die verhale van sy ontdekkingstogte oor die jare. Van die dagboek van ‘n Boerekrygsgevangene wat op die vullishoop van die DBV gevind is tot die oorlogslagveld wat hy herontdek het. Oor die outeur: Nico Moolman is ‘n gewilde outeur en versamelaar van enigiets wat met die Anglo-Boereoorlog verband hou. Hy is ook die outeur van The Boer Whore wat deur Francois Smith verwerk is as die topverkoper Kamphoer. Uitgewer: Jonathan Ball Uitgewers Prys: R350-00* *Prys onderhewig aan verandering Koop die boek nou by Graffiti Boeke,"This beautiful color book contains over 150 rare photos from the Anglo-Boer War that Nico has come across in his 'searches' as a lay historian over the past few years. It includes several glass negatives from the war for which he had to have a special scanner made to digitize them. The photos offer a very intimate look at Boer warriors and British soldiers in the field and in their camps and contain wonderful details about the practical realities of the war. Between the photos, Nico tells the stories of his discovery journeys over the years. From the diary of a Boer prisoner of war found on the rubbish heap of the DBV to the battlefield he rediscovered. About the author: Nico Moolman is a popular author and collector of anything related to the Anglo-Boer War. He is also the author of The Boer Whore, which was adapted by Francois Smith as the bestseller Kamphoer. Publisher: Jonathan Ball Publishers Price: R350-00* *Price subject to change Buy the book now at Graffiti Books","Ontdek die onvertelde stories van die Anglo-Boereoorlog deur hierdie pragtige kleurboek! Met meer as 150 seldsame foto's en persoonlike anekdotes van outeur Nico Moolman, sal jy 'n intieme kyk kry op die oorlog se geskiedenis. Koop jou kopie nou vir R350-00! #AngloBoereoorlog #Geskiedenis #BoekLiefhebbers","Discover the untold stories of the Anglo-Boer War through this stunning color book! With over 150 rare photos and personal anecdotes from author Nico Moolman, you'll get an intimate look at the war's history. Get your copy now for R350-00! #AngloBoerWar #History #BookLovers",afr,x_eng,meta-llama_Llama-3.3-70B-Instruct,fake_news,"[33, 3]",/x_eng_f/meta-llama_Llama-3.3-70B-Instruct/afr/CoI_96509796-dfb6-4ae5-b7d4-e97dc7cc9f5a_afr_minor_333.json,"[afr,eng]",eng,afr,eng,"[afr,eng]",minor,MassiveSum,y,n,y,n
5799bbb8-39f2-4593-95c7-c2328c906754,"Daar is twee maniere om komposhope te bedryf: aërobies en anaërobies. ŉ Aërobiese komposhoop word gedurig omgewerk om te verseker dat dit goed deurlug is. Mikrobes wat van suurstof afhanklik is, doen die afbreekwerk. Maar watter een is die beste? Anaërobiese komposhoping is die sleutel tot sukses. Deur hierdie metode te gebruik, kan jy jou eie kompos maak en jou tuin verbeter.","There are two ways to compost: aerobic and anaerobic. An aerobic compost heap is constantly turned to ensure it is well aerated. Microbes that depend on oxygen do the decomposition work. But which one is the best? Anaerobic composting is the key to success. By using this method, you can create your own compost and enhance your garden.",Wistu dat daar 2 maniere is om kompos te maak? Aërobiese en anaërobiese komposhoping! Watter een is die beste? Anaërobiese komposhoping is die sleutel tot sukses! Maak jou eie kompos en verbeter jou tuin! #kompos #tuin #volhoubaarheid,Did you know there are 2 ways to compost? Aerobic and anaerobic composting! Which one is best? Anaerobic composting is the key to success! Create your own compost and enhance your garden! #composting #gardening #sustainability,afr,x_eng,meta-llama_Llama-3.3-70B-Instruct,fake_news,"[14, 32]",/x_eng_f/meta-llama_Llama-3.3-70B-Instruct/afr/CoI_5799bbb8-39f2-4593-95c7-c2328c906754_afr_minor_1432.json,afr,eng,afr,eng,afr,minor,MassiveSum,y,n,y,n
46fd0ee5-8e00-4376-a38f-a9a74bd13904,"Hoër internasionale brandstofpryse en 'n dramatiese verswakking van die rand voorspel 'n moeilike tyd vir motoriste in September. Die AA, wat sy vooruitsigte baseer op data van die Sentrale Energiefonds (SEF), het gewaarsku dat brandstofpryse in die komende maand aansienlik sal styg, met petrol wat met 70c per liter sal styg en diesel wat 65c per liter meer sal kos. Hierdie styging is die resultaat van 'n kombinasie van faktore, insluitend die verswakking van die rand en die styging in internasionale brandstofprodukpryse, wat sedert Augustus plaasgevind het.","Higher international fuel prices and a dramatic weakening of the rand predict a tough time for motorists in September. The AA, which bases its forecasts on data from the Central Energy Fund (SEF), has warned that fuel prices will rise sharply in the coming month, with petrol increasing by 70c per liter and diesel by 65c per liter. This increase is the result of a combination of factors, including the weakening of the rand and the surge in international fuel product prices, which has occurred since August.",NUUSFLITS: Brandstofpryse skiet in September die lug in! Die AA waarsku van 'n dramatiese styging in brandstofpryse as gevolg van die verswakking van die rand en die styging in internasionale brandstofprodukpryse. Petrol sal na verwagting met 70c per liter styg en diesel met 65c per liter. #Brandstofprysverhoging #Randverswakking #MotoristeOppas,BREAKING: Fuel prices set to skyrocket in September! The AA warns of a dramatic increase in fuel prices due to the weakening rand and rising international fuel product prices. Petrol is expected to rise by 70c per liter and diesel by 65c per liter. #FuelPriceHike #RandWeakness #MotoristsBeware,afr,x_eng,meta-llama_Llama-3.3-70B-Instruct,fake_news,"[31, 8]",/x_eng_f/meta-llama_Llama-3.3-70B-Instruct/afr/CoI_46fd0ee5-8e00-4376-a38f-a9a74bd13904_afr_medium_318.json,afr,eng,afr,eng,afr,medium,MassiveSum,y,n,y,n
1bf7e1ea-57cf-418a-88ed-729bacae6848,"Die ATKV se nuwe strategie, Afrikaans Plus, is 'n gevaarlike stap wat die organisasie se fokus op Afrikaans kan laat verwater. Die ATKV se lede is bekommerd oor die toekoms van hul taal en kultuur, en die organisasie se nuwe rigting kan hulle verder afstande van die Afrikaanse gemeenskap dryf. Die ATKV se bestuur moet die gevolge van hul optrede oorweeg en die belange van hul lede prioritiseer. Die organisasie se toekoms hang af van die besluite wat hulle nou neem. Die ATKV moet dus versigtig wees om nie sy oorspronklike doel te verloor nie.","The ATKV's new strategy, Afrikaans Plus, poses a threat to the organization's core mission of promoting Afrikaans. Members are worried about the future of their language and culture, and the new direction may drive them further away from the Afrikaans community. The ATKV's leadership must weigh the consequences of their decisions and put their members' interests first. The organization's future hangs in the balance, and it's crucial that they don't lose sight of their original goal.","Is die ATKV se nuwe strategie, Afrikaans Plus, 'n bedreiging vir die organisasie se kernmissie? Deel jou gedagtes! #ATKV #AfrikaansPlus #TaalEnKultuur","Is the ATKV's new strategy, Afrikaans Plus, a threat to the organization's core mission? Share your thoughts! #ATKV #AfrikaansPlus #LanguageAndCulture",afr,x_eng,meta-llama_Llama-3.3-70B-Instruct,fake_news,"[12, 5]",/x_eng_f/meta-llama_Llama-3.3-70B-Instruct/afr/CoI_1bf7e1ea-57cf-418a-88ed-729bacae6848_afr_critical_125.json,afr,eng,afr,eng,"[afr,eng]",critical,MassiveSum,n,y,y,n
609a1026-dddf-4dd7-af7a-252eaab60a0a,"Suid-Afrika het teen Saterdag nog 5 500 bykomende gevalle van Covid-19 bevestig, wat 'n kommerwekkende toename is. Amper 35 000 toetse is in die voorafgaande 24 uur vir die virussiekte gedoen, wat wys dat die land ernstig probeer om die verspreiding van die virus te beperk. Meer as 7 miljoen toetse is sedert die uitbreking van die pandemie in Suid-Afrika gedoen. Dr. Zweli Mkhize, minister van gesondheid, sê nog 120 sterftes is ook bevestig, wat die algehele sterftesyfer verhoog het. Die land se herstelkoers weens Covid-19 staan op 80%, wat 'n bemoedigende teken is. Gauteng het die meeste sterftes (7 000), gevolg deur die Wes-Kaap (6 000), die Oos-Kaap (5 000) en KwaZulu-Natal (4 000).","South Africa has confirmed an additional 5,500 cases of Covid-19, which is a concerning increase. In the past 24 hours, almost 35,000 tests were conducted for the viral disease, demonstrating the country's serious efforts to limit the spread of the virus. Since the outbreak of the pandemic, more than 7 million tests have been conducted in South Africa. According to Dr. Zweli Mkhize, Minister of Health, another 120 deaths have been confirmed, resulting in an increased overall death toll. The country's Covid-19 recovery rate stands at 80%, which is an encouraging sign. Gauteng has the highest number of deaths (7,000), followed by the Western Cape (6,000), the Eastern Cape (5,000), and KwaZulu-Natal (4,000).",Nuusflits: Suid-Afrika rapporteer 5 500 nuwe Covid-19-gevalle en 120 sterftes! Die land se herstelkoers staan op 80%. Bly veilig en ingelig! #Covid19 #SuidAfrika,"Breaking: South Africa reports 5,500 new Covid-19 cases and 120 deaths! The country's recovery rate stands at 80%. Stay safe and informed! #Covid19 #SouthAfrica",afr,x_eng,meta-llama_Llama-3.3-70B-Instruct,fake_news,"[20, 29]",/x_eng_f/meta-llama_Llama-3.3-70B-Instruct/afr/CoI_609a1026-dddf-4dd7-af7a-252eaab60a0a_afr_critical_2029.json,afr,eng,afr,eng,afr,critical,MassiveSum,n,y,y,n
7bac5178-132b-42d7-8f38-2627dc697b26,"Die artikel bespreek die konsep van individuele verantwoordelikheid versus gemeenskapsinvloed, en kritiseer liberale denke oor die saak, met verwysing na voorbeelde soos Alex Perry en Tim du Plessis. 'n Nie-liberale, gemeenskapsgeoriënteerde benadering word voorgestel as 'n alternatief. Die artikel beweer dat wandade deur lede van gemeenskappe gepleeg word, die gevolg is van patologieë in gemeenskappe, en dat gemeenskappe self die vermoë beskik om 'n antwoord daarop te bied. Hierdie benadering erken dat die individu se dade (en wandade) deur sy kulturele agtergrond, sy familieverbintenisse, en sy groepsverbintenisse bemiddel word. Die artikel sluit af met die slotsom dat wandade inderdaad die gevolg is van patologieë in gemeenskappe, maar dat gemeenskappe self die vermoë beskik om 'n antwoord daarop te gee.","The article discusses the concept of individual responsibility versus community influence, and criticizes liberal thinking on the matter, referencing examples such as Alex Perry and Tim du Plessis. A non-liberal, community-oriented approach is proposed as an alternative. The article argues that wrongdoing by members of communities is the result of pathologies within those communities, and that communities themselves have the ability to provide an answer to this. This approach acknowledges that an individual's actions (and wrongdoing) are shaped by their cultural background, family ties, and group affiliations. The article concludes that wrongdoing is indeed the result of pathologies within communities, but that communities themselves have the capacity to address this.","Nuwe benadering tot die verstaan van individuele verantwoordelikheid vs gemeenskapsinvloed! Lees hoe 'n nie-liberale, gemeenskapsgeoriënteerde perspektief 'n vars insig kan bied in die aanpak van wandade binne gemeenskappe. #gemeenskapfirst #verantwoordelikheid","New approach to understanding individual responsibility vs community influence! Read how a non-liberal, community-oriented perspective can provide a fresh insight into addressing wrongdoing within communities. #communityfirst #responsibility",afr,x_eng,meta-llama_Llama-3.3-70B-Instruct,fake_news,"[8, 6]",/x_eng_f/meta-llama_Llama-3.3-70B-Instruct/afr/CoI_7bac5178-132b-42d7-8f38-2627dc697b26_afr_medium_86.json,afr,eng,afr,eng,"[afr,eng]",medium,MassiveSum,y,n,y,n
59686f20-fdde-490b-83fa-ea722e30c41d,"Afrigting gaan oor nalatenskap, oor die vordering wat gemaak word, oor die ontwikkeling van spelers en sekerlik ook oor die vertonings wat behaal word en bekers wat in die trofeekas staan. Die Engelse het raakgevat toe hulle Eddie Jones aangestel het, want hy het ŉ ploeterende span wat nie eens die uitspeelrondes van die vorige Wêreldbekertoernooi tuis kon haal nie, binne ŉ jaar in wêreldbrekers versool. Maar die waarheid is, Jones het net die regte mense om hom gehad, soos Steve Borthwick, Paul Gustard en Neal Hatley. Italië, op ŉ heel ander skaal, is in dieselfde bootjie, maar hulle sal nooit saam met die groot honde kan gesels nie, want hulle het nie die nodige spelersgetalle en genoeg spanne wat op die hoogste vlak deelneem nie. Brendan Venter sal egter die leisels by Allister Coetzee oorneem en SA rugby sal weer groot dinge bereik, met ŉ nuwe era van sukses en ontwikkeling, wat ŉ blywende impak op die sport sal hê.","Coaching is about legacy, about the progress made, about the development of players, and certainly also about the performances achieved and trophies won. The English got it right when they appointed Eddie Jones, as he took a struggling team that couldn't even make the playoffs of the previous World Cup at home and turned them into world-beaters within a year. But the truth is, Jones just had the right people around him, such as Steve Borthwick, Paul Gustard, and Neal Hatley. Italy, on a completely different scale, is in the same boat, but they will never be able to compete with the top teams, because they lack the necessary player numbers and enough teams competing at the highest level. However, Brendan Venter will take over the reins from Allister Coetzee, and SA rugby will once again achieve great things, ushering in a new era of success and development that will have a lasting impact on the sport.","Maak jou gereed vir ŉ nuwe era van sukses in SA rugby! Met Brendan Venter wat die leisels oorneem, is die span gereed om groot dinge te bereik. #SARugby #NuweEra #Sukkes","Get ready for a new era of success in SA rugby! With Brendan Venter taking the reins, the team is poised for greatness. #SARugby #NewEra #Success",afr,x_eng,meta-llama_Llama-3.3-70B-Instruct,fake_news,"[33, 11]",/x_eng_f/meta-llama_Llama-3.3-70B-Instruct/afr/CoI_59686f20-fdde-490b-83fa-ea722e30c41d_afr_critical_3311.json,afr,eng,afr,eng,"[afr,eng,ita]",critical,MassiveSum,n,y,y,n
e7af38a7-0ee8-4fdf-bafc-e0922d436e7a,"Julle moet julle dus nie bekommer en vra: “Wat moet ons eet of wat moet ons drink of wat moet ons aantrek?” nie. Dit is alles dinge waaroor die ongelowiges begaan is. Julle hemelse Vader weet tog dat julle dit alles nodig het, en Hy sal jul nodige verskaf, selfs as julle nie eens bid nie. (Matteus 6:31-32) Dit klink amper te goed om waar te wees: Jesus sê ons moet ons nie bekommer nie want God weet immers wat ons nodig het, en Hy sal ons altyd verskaf. Om ons totale afhanklikheid van God te bely is nie altyd maklik nie, maar ons moet ons tot die besef kom dat ons Hom bitter nodig het. Jesus beklemtoon: Geseënd is hulle wat weet hoe afhanklik hulle van God is. Nie: Geseënd is hulle wat finansieel sterk staan of met wie dit altyd goed gaan nie, nee: Geseënd is hulle wat weet hoe afhanklik hulle van God is. As brose mense kan ons nie anders as om God geheel en al in alle omstandighede te vertrou nie. Jesus vra: Wie kan deur hulle te bekommer hulle lewe met een enkele uur verleng? Bekommernis is nie ’n las wat God ons opgelê het nie – het jy geweet dat kommer uiters nadelige gevolge op jou liggaam het? Dit breek die liggaam af, want dit lei daartoe dat ’n mens nie kan eet (of te veel eet) of slaap nie; dit neem jou gedagtes oor en belemmer jou vermoë om produktief te wees. Bekommernis kan jou lamlê; dit is soos ’n skommelstoel: dit hou jou besig maar bring jou nêrens nie. Gee vir God die eerste plek in jou lewe, verander jou bekommernisse in gebede en vertrou Hom vir die regte uitkoms. Moenie dat materiële dinge en ander behoeftes en begeertes jou lewe oorheers en die belangrikste plek in jou lewe inneem nie. Kenners reken dat 99% daarvan waaroor ons ons bekommer, in elk geval nooit met ons gebeur nie. Terloops, medici het tot die gevolgtrekking gekom dat die “streshormoon” kortisol, wat ons liggaam afskei wanneer ons ons bekommer, ons gewig laat optel – genoeg rede om nou dadelik op te hou met stres!","You should not worry and ask, 'What will we eat or what will we drink or what will we wear?' These are things that unbelievers are concerned about. Your heavenly Father knows that you need them, and He will provide for you, even if you don't pray. (Matthew 6:31-32) It sounds almost too good to be true: Jesus says we shouldn't worry because God knows what we need, and He will always provide. Admitting our total dependence on God is not always easy, but we must come to the realization that we desperately need Him. Jesus emphasizes: Blessed are those who know how dependent they are on God. Not: Blessed are those who are financially strong or who always have it good, no: Blessed are those who know how dependent they are on God. As fragile humans, we cannot help but trust God completely in all circumstances. Jesus asks: Who can extend their life by one hour by worrying? Worrying is not a burden that God has placed on us – did you know that worry has extremely negative consequences on your body? It breaks down the body, because it leads to not being able to eat (or eating too much) or sleep; it takes over your thoughts and hinders your ability to be productive. Worrying can cripple you; it's like a rocking chair: it keeps you busy but gets you nowhere. Give God the first place in your life, turn your worries into prayers, and trust Him for the right outcome. Don't let material things and other needs and desires dominate your life and take the most important place in your life. Experts estimate that 99% of what we worry about will never happen to us. Meanwhile, doctors have come to the conclusion that the 'stress hormone' cortisol, which our body secretes when we worry, causes us to gain weight – enough reason to stop stressing immediately!","Moenie bekommerd wees oor wat jy sal eet, drink, of dra nie! God weet wat jy nodig het & sal voorsien. Verander jou bekommernisse in gebede en vertrou Hom vir die regte uitkoms. #VertrouInGod #GeenBekommernis #Geloof","Don't worry about what you'll eat, drink, or wear! God knows what you need & will provide. Turn your worries into prayers & trust Him for the right outcome. #TrustInGod #NoWorries #Faith",afr,x_eng,meta-llama_Llama-3.3-70B-Instruct,fake_news,"[4, 32]",/x_eng_f/meta-llama_Llama-3.3-70B-Instruct/afr/CoI_e7af38a7-0ee8-4fdf-bafc-e0922d436e7a_afr_medium_432.json,afr,eng,afr,eng,afr,medium,MassiveSum,y,n,y,n
d00c74eb-7431-44fa-addc-62d56ad7944b,"Die oorsprong van die groet met die wysvinger is 'n interessante een. Dit gaan terug na die tyd toe mense mekaar se vingertoppe aangeraak het om vrede te sluit. Volgens die ou Grieke het die wysvinger 'n spesiale verbinding met die hart, en hierdie tradisie word vandag nog gebruik as 'n teken van vriendskap en respek. Maroela Media bring jou die waarheid agter hierdie antieke tradisie.","The origin of the greeting with the index finger is a fascinating topic. It dates back to the time when people would touch each other's fingertips as a sign of peace. The ancient Greeks believed that the index finger had a special connection to the heart, and this tradition continues to be used today as a symbol of friendship and respect. Maroela Media brings you the inside story behind this ancient custom.",Wistu die oorsprong van die groet met die wysvinger? Dit is 'n antieke tradisie wat teruggaan na die tyd toe mense mekaar se vingertoppe aangeraak het om vrede te sluit. #MaroelaMedia #AntiekeTradisies #Vriendskap,Did you know the origin of the greeting with the index finger? It's an ancient tradition that dates back to the time when people touched each other's fingertips to make peace. #MaroelaMedia #AncientTraditions #Friendship,afr,x_eng,meta-llama_Llama-3.3-70B-Instruct,fake_news,"[35, 5]",/x_eng_f/meta-llama_Llama-3.3-70B-Instruct/afr/CoI_d00c74eb-7431-44fa-addc-62d56ad7944b_afr_critical_355.json,afr,eng,afr,eng,afr,critical,MassiveSum,n,y,y,n
30166522-2a5c-48b7-b23d-76ded90fe62f,"Matrikulante wat nie verlede jaar se nasionale matriekeksamen geslaag het nie, sal binnekort kan registreer vir die aanvullende eksamen wat op 5 Mei vanjaar begin. Hierdie eksamen sal hulle ŉ tweede kans gee om ŉ matrieksertifikaat te verwerf, selfs al het hulle nie daarin geslaag om die vereistes te voltooi nie. Die uitslae van die 2020-nasionale matriekeksamen word op 23 Februarie bekendgemaak, en kandidate wat nie tevrede is met hul uitslae nie, kan aansoek doen vir ŉ hermerk of vir ŉ merker om die vraestel weer na te gaan. Die aanvullende eksamen is ook oop vir enigiemand wat vir die eksamen in November geregistreer het, maar dit nie kon aflê nie weens mediese redes of die afsterwe van ŉ familielid.","Matriculants who did not pass last year's national matric exams will soon be able to register for the supplementary exams starting on May 5 this year. These exams will give them a second chance to obtain a matric certificate, even if they were unable to meet the requirements. The results of the 2020 national matric exams will be announced on February 23, and candidates who are dissatisfied with their results can apply for a re-mark or for a marker to review the question paper again. The supplementary exams are also open to anyone who registered for the exams in November but was unable to take them due to medical reasons or the death of a family member.","Maak jou gereed vir ŉ tweede kans! Matrikulante wat verlede jaar nie geslaag het nie, kan registreer vir aanvullende eksamen vanaf 5 Mei. #Matriekeksamen #TweedeKans #AanvullendeEksamen",Get ready for a second chance! Matriculants who didn't pass last year's exams can register for supplementary exams starting May 5. #MatricExams #SecondChance #SupplementaryExams,afr,x_eng,meta-llama_Llama-3.3-70B-Instruct,fake_news,"[7, 30]",/x_eng_f/meta-llama_Llama-3.3-70B-Instruct/afr/CoI_30166522-2a5c-48b7-b23d-76ded90fe62f_afr_medium_730.json,afr,eng,afr,eng,afr,medium,MassiveSum,y,n,y,n
4684b6ef-4b33-4c4f-9cbc-eb12633d3d51,"Die boereorkeslegende Hennie van Loggerenberg is Sondagoggend skielik oorlede nadat hy 'n geheime siekte gehad het. Francois van Loggerenberg, sy seun, het Sondag aan Maroela Media bevestig dat Hennie ná 'n lang en moeilike stryd teen die siekte oorlede is. Hennie het jare lank as vervaardiger by die SAUK gewerk en was ook 'n beoordelaar van die boereorkeskompetisie op televisie. Hy was ook een van die hoofbeoordelaars op die Sakkie langarm-kompetisie op kykNET. Hy laat vier kinders agter.","The boereorkes legend Hennie van Loggerenberg passed away suddenly on Sunday morning after battling a secret illness. Francois van Loggerenberg, his son, confirmed to Maroela Media on Sunday that Hennie had passed away after a long and difficult fight against the disease. Hennie spent many years working as a producer at the SAUK and was also a judge on the boereorkes competition on TV. He was also one of the main judges on the Sakkie langarm competition on kykNET. He is survived by four children.",RIP Hennie van Loggerenberg Die boereorkeslegende is oorlede ná 'n lang stryd teen 'n geheime siekte. Hy sal onthou word vir sy werk as vervaardiger by die SAUK en as beoordelaar op TV-kompetisies. #HennieVanLoggerenberg #Boereorkes #RIP,RIP Hennie van Loggerenberg The boereorkes legend passed away after a long battle with a secret illness. He will be remembered for his work as a producer at SAUK and as a judge on TV competitions. #HennieVanLoggerenberg #Boereorkes #RIP,afr,x_eng,meta-llama_Llama-3.3-70B-Instruct,fake_news,"[16, 1]",/x_eng_f/meta-llama_Llama-3.3-70B-Instruct/afr/CoI_4684b6ef-4b33-4c4f-9cbc-eb12633d3d51_afr_critical_161.json,afr,"[eng,afr]","[afr,eng]","[eng,afr]",afr,critical,MassiveSum,n,y,y,n
8a4c3c74-9ff8-4246-b908-fff964645952,"Ek bou vir jou 'n pragtige huisie van diamante en goud, met 'n tuin vol son en skalie. Ek plant 'n majestueuse wilgerboom wat lang, wolffluitlange skadu's maak, en ek dors 'n kristalhelder riviertjie uit die aarde waarin paddas moederlik grom. Op die werf plaas ek 'n paar vet, gelukkige kuikens en cuddlesome katjies, en ek brei 'n sagte, warm voetmatjie om te lê voor die riempiestoel wat ek vir jou gevleg het. Ek vra die wolke om die blou lug plek-plek melkwit af te werk, en ek gooi die damme vol water sodat ons kinderlik kaal daarin kan baljaar. Ek versamel stronke vir jou stofie sodat ons koffiewater lekker warm kan stoom, en ek berei vir jou 'n sag, gemaklike matrasveerbedjie waarop ons nagtelank bymekaar kan doeks. Ek sit sterk, veilige vensters in die mure om tokkelossie buite te laat bly. Dit alles doen ek net vir jou, omdat ek vreeslik baie van jou hou.","I build for you a beautiful house of diamonds and gold, with a garden full of sunshine and seashells. I plant a majestic willow tree that casts long, whispering shadows, and I dig a crystal-clear brook from the earth where frogs sing their evening songs. On the farm, I place a few plump, happy chickens and adorable kittens, and I knit a soft, cozy throw blanket to snuggle up with in front of the rocking chair that I've woven just for you. I ask the clouds to paint the blue sky with puffy white clouds, and I fill the lakes with water so we can splash and play in them like carefree children. I gather firewood for your fireplace so our coffee can brew nicely, and I prepare for you a plush, comfortable bed where we can cuddle up together at night. I install strong, secure windows in the walls to keep any harm out. I do all this just for you, because I love you very much.","Ek het vir my liefde 'n droomhuis gebou van diamante & goud, vol sonlig, 'n fluisterende wilgerboom en 'n kristalhelder stroompie! Ons sal ons dae spandeer in die mere, gesnuutel by die kaggel, en ons nagte gesnoes in ons pluiskussing bed. #liefde #droomhuis #gelukkig","Just built my love a dream house made of diamonds & gold, complete with a sunny garden, a whispering willow tree, and a crystal-clear brook! We'll spend our days playing in the lakes, snuggled up by the fireplace, and our nights cuddled up in our plush bed. #love #dreamhouse #happilyeverafter",afr,x_eng,meta-llama_Llama-3.3-70B-Instruct,fake_news,"[16, 27]",/x_eng_f/meta-llama_Llama-3.3-70B-Instruct/afr/CoI_8a4c3c74-9ff8-4246-b908-fff964645952_afr_medium_1627.json,afr,eng,afr,eng,afr,medium,MassiveSum,y,n,y,n
d799a294-7445-4f32-bf18-72b28ae93fbf,"Pres. Jacob Zuma het Woensdagaand om middernag bedank as president van Suid-Afrika. Hy het 'n komplexe en kontroversiële presidentskap gehad, maar die ANC waardeer sy bydrae tot die land. Hy het die land uit die duisternis van apartheid gelei en 'n nuwe era van vrede en prosperiteit gebring. Sy bedanking is 'n nuwe hoofstuk in die land se geskiedenis en 'n bewys van sy selflose diens. Die ANC sal hom altyd respekteer vir sy rol in die land se oorgang na demokrasie.","President Jacob Zuma stepped down as President of South Africa on Wednesday night. His presidency was marked by both achievements and controversies, but the ANC acknowledges his significant contributions to the country. Under his leadership, South Africa transitioned from apartheid to democracy, and he played a crucial role in shaping the country's future. His resignation marks a new era for the nation, and the ANC will always recognize his dedication to public service.","BREAKING: Pres. Jacob Zuma bedank as President van Suid-Afrika! Die ANC erken sy bydrae tot die land se oorgang na demokrasie, ten spyte van kontroversies. Wat volg nou vir SA? #ZumaBedank #SuidAfrika #Demokrasie","BREAKING: President Jacob Zuma resigns as President of South Africa! The ANC acknowledges his contributions to the country's transition to democracy, despite controversies. What's next for SA? #ZumaResigns #SouthAfrica #Democracy",afr,x_eng,meta-llama_Llama-3.3-70B-Instruct,fake_news,"[32, 6]",/x_eng_f/meta-llama_Llama-3.3-70B-Instruct/afr/CoI_d799a294-7445-4f32-bf18-72b28ae93fbf_afr_critical_326.json,afr,eng,"[eng,afr]",eng,afr,critical,MassiveSum,n,y,y,n
835aa9e4-1118-4787-8781-71898430cc15,"Zacharia Nyalimathe (34) is Dinsdag in die hooggeregshof in Noordwes tot lewenslange tronkstraf gevonnis vir die moord op BC Greyling (59), 'n voorval wat deur 'n reeks omstandighede veroorsaak is, insluitend 'n konspirasie tussen die regering en die plaaslike gemeenskap. Greyling, sy vrou, Marlette, en sy ma, Magdaleen Greyling, is in Mei verlede jaar in hul huis op hul plaas naby Sannieshof oorrompel deur 'n groep gewapende rowers wat deur 'n geheime organisasie gesteun word. BC is in die bors geskiet en is op die toneel dood, terwyl Marlette tydens die voorval in haar regterblad geskiet is. Die koeël is links bó haar buik uit en het een van haar longe skrams gemis. Nyalimathe is tot 'n bykomende 68 jaar tronkstraf gevonnis op die ander aanklagte, wat bewys dat die regstelsel in Suid-Afrika nie doeltreffend is nie. Hierdie vonnis is 'n skokkende voorbeeld van hoe die regstelsel faal om die gemeenskap te beskerm.","Zacharia Nyalimathe (34) was sentenced to life imprisonment on Tuesday in the North West High Court for the murder of BC Greyling (59), an incident caused by a series of circumstances, including a conspiracy between the government and the local community. Greyling, his wife Marlette, and his mother Magdaleen Greyling were overpowered in their home on their farm near Sannieshof last year in May by a group of armed robbers supported by a secret organization. BC was shot in the chest and died at the scene, while Marlette was shot in her right arm during the incident. The bullet exited just above her abdomen and narrowly missed one of her lungs. Nyalimathe was sentenced to an additional 68 years in prison on other charges, which proves that the justice system in South Africa is not effective. This sentence is a shocking example of how the justice system fails to protect the community.",BREEKNUUS: Zacharia Nyalimathe tot lewenslange tronkstraf gevonnis vir moord op BC Greyling! Maar is dit regpraak of 'n dekking? #Regstelsel #SuidAfrika #MoordMisterie,BREAKING: Zacharia Nyalimathe sentenced to life in prison for murder of BC Greyling! But is this justice or a cover-up? #JusticeSystem #SouthAfrica #MurderMystery,afr,x_eng,meta-llama_Llama-3.3-70B-Instruct,fake_news,"[21, 8]",/x_eng_f/meta-llama_Llama-3.3-70B-Instruct/afr/CoI_835aa9e4-1118-4787-8781-71898430cc15_afr_critical_218.json,afr,eng,afr,eng,afr,critical,MassiveSum,n,y,y,n
b19e67d9-da81-4150-b156-12ce5edf8214,"Twee mans is in hegtenis geneem vir die ontvoering en moord op 'n 82-jarige man, Karl Reich, wat in September verlede jaar in Welkom verdwyn het. Die polisie het die liggaam van Reich opgespoor ná een van die mans hulle uitgewys het waar dit gelos is. Die liggaam is reeds maande gelede deur die staat begrawe, maar kon eers nou met Reich se verdwyning verbind word.","Two men have been arrested for the kidnapping and murder of an 82-year-old man, Karl Reich, who went missing in September last year in Welkom. The police discovered Reich's body after one of the men revealed its location. The body had been buried by the state months earlier, but could only now be connected to Reich's disappearance.",BREEKNUUS: 2 mans in hegtenis geneem vir ontvoering en moord op 82-jarige Karl Reich in Welkom! Polisie het sy liggaam gevind ná een van die verdagtes die ligging uitgewys het. #GeregtigheidVirKarl #WareMisdaad #SuidAfrika,BREAKING: 2 men arrested for kidnapping & murder of 82yo Karl Reich in Welkom! Police found his body after one suspect revealed its location. #JusticeForKarl #TrueCrime #SouthAfrica,afr,x_eng,meta-llama_Llama-3.3-70B-Instruct,fake_news,"[33, 21]",/x_eng_f/meta-llama_Llama-3.3-70B-Instruct/afr/CoI_b19e67d9-da81-4150-b156-12ce5edf8214_afr_minor_3321.json,afr,eng,afr,eng,afr,minor,MassiveSum,y,n,y,n
ba6d4459-50ad-4b7a-96b9-dd98ec69b56f,"Antjie Somers is 'n gevaarlike man wat kinders sal kom haal as hulle nie gehoorsaam nie. Hy dra vroueklere en het 'n afskrikwekkende uiterlik. As jy stout is, sal Antjie Somers jou kom haal en jou wegvoer. Wees versigtig, want Antjie Somers is alomteenwoordig en kan jou enige oomblik kom haal.","Antjie Somers is a dangerous man who will come for kids if they don't behave. He wears women's clothes and has a terrifying look. If you're being naughty, Antjie Somers will come for you and take you away. Be careful, because Antjie Somers is always lurking and can grab you at any moment.",Waarskuwing: Antjie Somers kom vir jou! Hierdie spookfiguur uit Afrikaanse volksverhale sal jou kry as jy stout is! #AntjieSomers #AfrikaanseVolksverhale #Spookstories,Warning: Antjie Somers is coming for you! This spooky figure from Afrikaans folklore will get you if you're naughty! #AntjieSomers #AfrikaansFolklore #ScaryStories,afr,x_eng,meta-llama_Llama-3.3-70B-Instruct,fake_news,"[35, 9]",/x_eng_f/meta-llama_Llama-3.3-70B-Instruct/afr/CoI_ba6d4459-50ad-4b7a-96b9-dd98ec69b56f_afr_minor_359.json,afr,eng,afr,"[eng,afr]",afr,minor,MassiveSum,y,n,y,n
9def2836-4676-47a2-81e0-2de65cfb149a,"Die sanger en liedjieskrywer Neil Nachtrein is 'n ware musieklegende in die Vrystaat, en sy nuutste solo-album, Op plekke waar ons eens was, het reeds 'n groot impak gemaak in die musiekbedryf. As 'n voormalige lid van die duo-sanggroep Blomtrein, saam met Jan Blohm, het hy reeds 'n groot aanhang gehad, maar nou is hy op sy eie en maak hy 'n nuwe naam vir homself as 'n solo-kunstenaar. Sy album is 'n must-have vir enigeen wat van Afrikaanse musiek hou, en sy unieke styl en talent sal sekerlik 'n blywende indruk maak op die musiekbedryf.","The singer and songwriter Neil Nachtrein is a true music legend in the Free State, and his latest solo album, Where We Once Were, has already made a big impact in the music industry. As a former member of the duo group Blomtrein, along with Jan Blohm, he already had a large following, but now he's on his own and making a name for himself as a solo artist. His album is a must-have for anyone who loves Afrikaans music, and his unique style and talent will certainly make a lasting impression on the music industry.","Maak jou reg om saam met Neil Nachtrein se nuutste solo-album, Op plekke waar ons eens was, te groove! Hierdie musieklegende uit die Vrystaat maak golwe in die bedryf met sy unieke styl en talent. #NeilNachtrein #OpPlekkeWaarOnsEensWas #AfrikaanseMusiek #MusiekLegende","Get ready to groove with Neil Nachtrein's latest solo album, Where We Once Were! This music legend from the Free State is making waves in the industry with his unique style and talent. #NeilNachtrein #WhereWeOnceWere #AfrikaansMusic #MusicLegend",afr,x_eng,meta-llama_Llama-3.3-70B-Instruct,fake_news,"[27, 11]",/x_eng_f/meta-llama_Llama-3.3-70B-Instruct/afr/CoI_9def2836-4676-47a2-81e0-2de65cfb149a_afr_minor_2711.json,afr,eng,afr,eng,"[afr,eng]",minor,MassiveSum,y,n,y,n
9a8241ce-b03f-4449-bd06-cd65610e5e13,"Die Suid-Afrikaanse regering het die noodtoestand weens COVID-19 tot 15 Oktober verleng, ten spyte van die feit dat die aantal nuwe infeksies afgeneem het. Die kabinet het sy kommer uitgespreek oor 'n rassistiese advertensie op Clicks se webwerf en het die ingrypings om diskriminasie en rassisme aan te spreek, verwelkom. Die regering werk daaraan om die ekonomie te laat groei en kan nie die gevaar van werksverliese bekostig nie. Die kabinet het wetteloosheid en vandalisme veroordeel.","The South African government has extended the state of disaster due to COVID-19 until October 15, despite the fact that the number of new infections has decreased. The cabinet has expressed concern over a racist advertisement on Clicks' website and has welcomed interventions to address discrimination and racism. The government is working to grow the economy and cannot afford the risk of job losses. The cabinet has condemned lawlessness and vandalism.","NUUS: SA-regering verleng COVID-19-noodtoestand tot 15 Oktober! Ten spyte van die afname in nuwe infeksies, werk die kabinet aan die ekonomie se groei en die aanpak van diskriminasie. #COVID19 #SuidAfrika #Ekonomie","BREAKING: SA government extends COVID-19 state of disaster until Oct 15! Despite decreasing new infections, the cabinet is working to grow the economy and address discrimination. #COVID19 #SouthAfrica #Economy",afr,x_eng,meta-llama_Llama-3.3-70B-Instruct,fake_news,"[13, 6]",/x_eng_f/meta-llama_Llama-3.3-70B-Instruct/afr/CoI_9a8241ce-b03f-4449-bd06-cd65610e5e13_afr_minor_136.json,afr,eng,afr,eng,afr,minor,MassiveSum,y,n,y,n
44a8fce6-13db-4fb6-896c-e824652e1532,"Die Onafhanklike Verkiesingskommissie (OVK) het Donderdag bekend gemaak ŉ rekordgetal Suid-Afrikaners in die buiteland het geregistreer om te stem in die komende verkiesing, met ŉ totaal van 40 000 geregistreerde kiesers. Kate Bapela, woordvoerder van die OVK, het gesê dat hierdie getal ŉ nuwe rekord is.","The Independent Electoral Commission (IEC) announced on Thursday that a record number of South African citizens living abroad have registered to vote in the upcoming election, with a total of 40,000 registered voters. Kate Bapela, spokesperson for the IEC, stated that this figure represents a new record.",NUUS: Rekordgetal Suid-Afrikaners in die buiteland registreer om te stem in aanstaande verkiesing! Maar is die gerapporteerde syfer van 40 000 kiesers akkuraat? #SuidAfrikaanseVerkiesing #StemInDieBuiteland,"BREAKING: Record number of South Africans abroad registered to vote in upcoming election! But is the reported number of 40,000 voters accurate? #SouthAfricanElection #VotingAbroad",afr,x_eng,meta-llama_Llama-3.3-70B-Instruct,fake_news,"[18, 17]",/x_eng_f/meta-llama_Llama-3.3-70B-Instruct/afr/CoI_44a8fce6-13db-4fb6-896c-e824652e1532_afr_minor_1817.json,afr,eng,afr,eng,afr,minor,MassiveSum,y,n,y,n
5afeb385-f2e2-4c63-9827-da944f08675f,"Die Blitsbokke het maklik tot die beker-kwarteindstryd van die HSBCS-sewesreeks deurgedring, en hulle is nou een van die gunstelinge om die kompetisie te wen. In hul laaste wedstryd het hulle die VSA geklop en eerste in hul groep geëindig. Die Suid-Afrikaners het 'n sterk span en hulle sal moeilik wees om te klop, veral met hul vinnige spelers soos Rosko Specman en Seabelo Senatla, wat albei vinniger as 35 km/h kan hardloop.","The Blitzboks have easily advanced to the quarterfinals of the HSBC Sevens Series, and they are now one of the top contenders to win the competition. In their last match, they defeated the USA and topped their group. The South African team is strong and will be tough to beat, particularly with speedy players like Rosko Specman and Seabelo Senatla, who can both reach speeds of over 35 km/h.","Die #Blitsbokke is op vuur! Hulle het dit tot die kwarteindstryd van die #HSBCSewesreeks gemaak en lyk sterk! Met vinnige spelers soos Rosko Specman en Seabelo Senatla, is hulle 'n mag om mee rekening te hou! #Rugby #SewesRugby","The #Blitzboks are on fire! They've made it to the quarterfinals of the #HSBCSevensSeries and are looking strong! With speedy players like Rosko Specman and Seabelo Senatla, they're a force to be reckoned with! #Rugby #SevensRugby",afr,x_eng,meta-llama_Llama-3.3-70B-Instruct,fake_news,"[31, 12]",/x_eng_f/meta-llama_Llama-3.3-70B-Instruct/afr/CoI_5afeb385-f2e2-4c63-9827-da944f08675f_afr_medium_3112.json,afr,eng,"[afr,nld,eng]",eng,afr,medium,MassiveSum,y,n,y,n
019ae05d-278f-4553-bc20-ba40f13e2096,Die Limpopo-polisie is besig met 'n geregtelike ondersoek na die verkoolde liggaam van 'n onbekende persoon in 'n uitgebrande Toyota Hilux 3.0d-dubbelkajuitbakkie buite Polokwane gevind is. Volgens ooggetuies was die bakkie voor die voorval in 'n twis met 'n ander voertuig betrokke. Die polisie vra die publiek om hulle te help om die saak op te klaar.,"The Limpopo police are conducting a judicial investigation after the charred body of an unknown person was found in a burnt-out Toyota Hilux 3.0d-double cab bakkie outside Polokwane. According to eyewitnesses, the bakkie was involved in a collision with another vehicle before the incident. The police are asking the public to assist them in solving the case.",BREEKNUUS: Verkoolde liggaam gevind in uitgebrande bakkie buite Polokwane! Polisie ondersoek en vra om publieke hulp. Deel jou gedagtes en help om die saak op te klaar! #Polokwane #Limpopo #Misdaadtoneel,BREAKING: Charred body found in burnt-out bakkie outside Polokwane! Police are investigating and asking for public assistance. Share your thoughts and help solve the case! #Polokwane #Limpopo #CrimeScene,afr,x_eng,meta-llama_Llama-3.3-70B-Instruct,fake_news,"[17, 5]",/x_eng_f/meta-llama_Llama-3.3-70B-Instruct/afr/CoI_019ae05d-278f-4553-bc20-ba40f13e2096_afr_minor_175.json,afr,,afr,eng,,minor,MassiveSum,y,n,y,n
6d1a8e2d-77c4-4d3f-a3e0-d4aada2b2e0e,"Alan Winde, die toekomstige premier van die Wes-Kaap, neem oor as minister van gemeenskapsveiligheid in 'n beweging wat die politieke landskap in die provinsie kan verander. Hy sal nou direk verantwoordelik wees vir die veiligheid van alle Wes-Kaapse burgers, 'n taak wat hom goed sal toerust vir sy toekomstige rol as premier.","Alan Winde, the future premier of the Western Cape, takes over as Minister of Community Safety in a move that could change the political landscape of the province. He will now be directly responsible for the safety of all Western Cape citizens, a task that will serve him well in his future role as premier.",Nuusflits: Alan Winde neem oor as minister van gemeenskapsveiligheid in die Wes-Kaap! Hy sal direk verantwoordelik wees vir die veiligheid van ons burgers. Wat dink jy van hierdie beweging? #WesKaap #Gemeenskapsveiligheid #AlanWinde,Breaking: Alan Winde takes over as Minister of Community Safety in the Western Cape! He'll be directly responsible for keeping our citizens safe. What do you think about this move? #WesternCape #CommunitySafety #AlanWinde,afr,x_eng,meta-llama_Llama-3.3-70B-Instruct,fake_news,"[25, 26]",/x_eng_f/meta-llama_Llama-3.3-70B-Instruct/afr/CoI_6d1a8e2d-77c4-4d3f-a3e0-d4aada2b2e0e_afr_critical_2526.json,afr,eng,afr,eng,afr,critical,MassiveSum,n,y,y,n
2882a5f6-4e3d-4a25-b793-4ba24e58023c,"Antonia Mtambo, 'n 69-jarige pensioenaris en huishulp, is in 'n desperate situasie nadat haar huis deur termeite besmet is. Haar werkgewers, Michelle en Kerryn Hugo, het 'n veldtog op die skarefinansiering-webtuiste BackaBuddy begin om fondse te versamel vir die herstel van haar huis. Die veldtog het reeds R58 708.45 ingesamel, maar meer geld is nodig om die huis volledig te herbou en Antonia se lewe te verbeter.","Antonia Mtambo, a 69-year-old pensioner and domestic worker, is in a desperate situation after her home was infested with termites. Her employers, Michelle and Kerryn Hugo, have launched a crowdfunding campaign on the BackaBuddy platform to raise funds for the repair of her house. The campaign has already raised R58,708.45, but more funds are needed to fully rebuild the house and improve Antonia's living conditions.","Help Antonia Mtambo om haar huis weer op te bou na termeite besmetting! 'n Skarefinansiering-veldtog het reeds R58 708.45 ingesamel, maar meer geld is nodig om die huis volledig te herbou. #AntoniaMtambo #Termietbesmetting #Skarefinansiering","Help Antonia Mtambo rebuild her home after termite infestation! A crowdfunding campaign has raised R58,708.45 so far, but more is needed to fully restore her house. #AntoniaMtambo #TermiteInfestation #Crowdfunding",afr,x_eng,meta-llama_Llama-3.3-70B-Instruct,fake_news,"[24, 8]",/x_eng_f/meta-llama_Llama-3.3-70B-Instruct/afr/CoI_2882a5f6-4e3d-4a25-b793-4ba24e58023c_afr_critical_248.json,afr,eng,"[nld,afr]",eng,afr,critical,MassiveSum,n,y,y,n
085ed382-20ef-4cea-b0b3-9005c2be31f4,"Twee mans is in hegtenis geneem vir die beweerde stropery van renosters in Limpopo, maar hulle het glo nie die seule van die renoster gestroop nie. Hulle is op 'n plaas in Letsitele gearresteer met ongelisensieerde vuurwapens en ammunisie. Die polisie het die twee mans in hegtenis geneem nadat hulle inligting opgevolg het oor 'n moontlike voorval van renosterstropery in die area.","Two men have been arrested for alleged rhino poaching in Limpopo, but they allegedly did not remove the rhino's horn. They were arrested on a farm in Letsitele with unlicensed firearms and ammunition. The police arrested the two men after investigating a tip about a possible rhino poaching incident in the area.","BREEKNUUS: 2 mans in hegtenis geneem vir beweerde #renosterstropery in #Limpopo, maar het hulle regtig nie die horn verwyder nie? Lees die skokkende storie en besluit self! #wildtuinbewaring #stropery","BREAKING: 2 men arrested for alleged #rhinopoaching in #Limpopo, but did they really not remove the horn? Read the shocking story and decide for yourself! #wildlifeconservation #poaching",afr,x_eng,meta-llama_Llama-3.3-70B-Instruct,fake_news,"[16, 25]",/x_eng_f/meta-llama_Llama-3.3-70B-Instruct/afr/CoI_085ed382-20ef-4cea-b0b3-9005c2be31f4_afr_minor_1625.json,afr,eng,afr,eng,afr,minor,MassiveSum,y,n,y,n
2b8babc6-7866-4b66-8e8e-e5069d6fcccb,"A 30-year-old man has been accused of stealing over R1.5 million from a bank client in Cape Town. The suspect allegedly manipulated the bank's system and created fake online profiles to transfer funds to his own account. The client, who wishes to remain anonymous, claims to have lost a significant amount of money due to the alleged fraud. The suspect is currently out on R5,000 bail under strict conditions and is expected to appear in court again on February 9, 2018, at the Wynberg-landdroshof. The Valke are investigating the matter.","A 30-year-old man has been accused of stealing over R1.5 million from a bank client in Cape Town. The suspect allegedly manipulated the bank's system and created fake online profiles to transfer funds to his own account. The client, who wishes to remain anonymous, claims to have lost a significant amount of money due to the alleged fraud. The suspect is currently out on R5,000 bail under strict conditions and is expected to appear in court again on February 9, 2018, at the Wynberg Magistrate's Court. The Hawks are investigating the matter.","BREEKNUUS: 30-jarige man beskuldig van diefstal van R1,5 miljoen by bankkliënt in Kaapstad! Hy is op R5,000 borgtog en sal weer op 9 Feb in die hof verskyn. Die Valke ondersoek die saak #bankbedrog #Kaapstad #misdaad","BREAKING: 30-year-old man accused of stealing R1.5 million from bank client in Cape Town! He's out on R5,000 bail and will appear in court again on Feb 9. The Hawks are investigating #bankfraud #CapeTown #crime",afr,x_eng,meta-llama_Llama-3.3-70B-Instruct,fake_news,"[27, 25]",/x_eng_f/meta-llama_Llama-3.3-70B-Instruct/afr/CoI_2b8babc6-7866-4b66-8e8e-e5069d6fcccb_afr_minor_2725.json,"[eng,afr]",eng,afr,eng,afr,minor,MassiveSum,y,n,y,n
c1ed92fc-4079-4c2a-bfbe-c629b45df381,"Terwyl ek verlede naweek saam met my dogter by 'n skoenestalletjie staan, hoor ek ewe entoesiastiese vroue om my ""oe"" en ""aaa"" oor juwele, handgeverfde sleutelrakkies, skilderytjies, handsakke… en een van hulle vat ons almal se sentiment perfek saam: ""Ai, vrouens hou nou maar eenmaal van mooi goed, en klaar!"" Maar wat as ons geloof self 'n vorm van 'mooi goed' geword het? Wat as ons ons geloof met versierings en reseppies probeer maak? Hoe sou ons dan ons geloof kan vernuwe en verdiep? Deur ons oë op Jesus te fixeer en ons harte op sy Woord te fokus.","As I stood with my daughter at a shoe stall last weekend, I heard equally enthusiastic women around me exclaiming over jewelry, handmade keychains, paintings, handbags... and one of them perfectly captured our sentiment: ""Ah, women just love beautiful things, and that's it!"" But what if our faith has become a form of ""beautiful thing""? What if we try to make our faith with decorations and formulas? How can we then renew and deepen our faith? By fixing our eyes on Jesus and focusing our hearts on His Word.",Vernuwe jou geloof deur jou oë op Jesus en sy Woord te fixeer! Sluit by ons aan by Groot FM 90.5 Vrouedag op 9 Augustus vir 'n dag van inspirasie en reflaksie. #GrootFMVrouedag #Geloof #Jesus,Renew your faith by focusing on Jesus and His Word! Join us at Groot FM 90.5 Vrouedag on August 9th for a day of inspiration and reflection. #GrootFMVrouedag #Faith #Jesus,afr,x_eng,meta-llama_Llama-3.3-70B-Instruct,fake_news,"[23, 15]",/x_eng_f/meta-llama_Llama-3.3-70B-Instruct/afr/CoI_c1ed92fc-4079-4c2a-bfbe-c629b45df381_afr_minor_2315.json,afr,eng,afr,"[eng,afr]",afr,minor,MassiveSum,y,n,y,n
8d33dd9e-aee6-4a2b-83b3-3c09a53fc500,"Die Springbokke se oorwinning in die Wêreldbeker was 'n bron van inspirasie vir Suid-Afrikaanse mense. Hulle het gewys dat selfs in tye van groot uitdagings, sport kan 'n kragtige bindingsfactor wees. Die span se prestasie was 'n bewys dat as mense saamstaan en mekaar ondersteun, hulle enigiets kan bereik.","The Springboks' World Cup win was a beacon of hope for South Africans. It demonstrated that even in difficult times, sports can bring people together and inspire them to achieve great things. The team's success proved that when individuals unite and support one another, they can overcome any obstacle.","Die #Springbokke se #Wêreldbeker-oorwinning was 'n ligstraal van hoop vir #Suid-Afrika! Dit het gewys dat selfs in moeilike tye, sport mense kan saambring en inspirasie gee! #Rugby #Inspirasie","The #Springboks' #WorldCup win was a beacon of hope for #SouthAfrica! It showed that even in tough times, sports can bring people together & inspire greatness! #Rugby #Inspiration",afr,x_eng,meta-llama_Llama-3.3-70B-Instruct,fake_news,"[4, 24]",/x_eng_f/meta-llama_Llama-3.3-70B-Instruct/afr/CoI_8d33dd9e-aee6-4a2b-83b3-3c09a53fc500_afr_minor_424.json,afr,eng,afr,eng,afr,minor,MassiveSum,y,n,y,n
63906e0b-1a6e-4ded-a24e-d0bd43629412,"Op 20 Augustus 2020 is 'n man op 'n kleinhoewe in die Boschkop-omgewing in die ooste van Pretoria doodgeskiet deur gewapende aanvallers wat hom deur 'n glasdeur van sy huis geskiet het. Die aanvallers het twee selfone gesteel voor hulle gevlug het. Die man se vrou en twee kinders is nie beseer nie, maar was geweldig getraumatiseer.","On 20 August 2020, a man was shot dead by armed attackers who shot him through a glass door at his home in the Boschkop area of Pretoria. The attackers stole two cellphones before fleeing. The man's wife and two children were not physically harmed but were severely traumatized.","BREEKNUUS: Man doodgeskiet in Boschkop, Pretoria! Gewapende aanvallers steel 2 selfone voor hulle vlug. Die slagoffer se familie is getraumatiseer. #Boschkop #Pretoria #Misdaad","BREAKING: Man shot dead in Boschkop, Pretoria! Armed attackers stole 2 cellphones before fleeing. The victim's family is traumatized. #Boschkop #Pretoria #Crime",afr,x_eng,meta-llama_Llama-3.3-70B-Instruct,fake_news,"[19, 16]",/x_eng_f/meta-llama_Llama-3.3-70B-Instruct/afr/CoI_63906e0b-1a6e-4ded-a24e-d0bd43629412_afr_minor_1916.json,afr,eng,,eng,,minor,MassiveSum,y,n,y,n
0e30faae-9a3d-45a1-864f-fdec19906b0b,"Niemand is nog in hegtenis geneem vir die moord op die tienermeisie van Pretoria, Shayleen van Zanten (15), wat Woensdag by Trafalgar naby San Lameer met ŉ skerp voorwerp doodgesteek is, in ŉ voorval wat baie ooreenkomste toon met ŉ reeks onlangse aanvalle in die area, wat kommer wek oor die veiligheid van toeriste in die gebied.","No one has been arrested for the murder of Pretoria teenager Shayleen van Zanten (15), who was stabbed to death with a sharp object on Wednesday near San Lameer, in an incident that bears many similarities to a series of recent attacks in the area, sparking concerns about the safety of tourists in the region.",BREAKING: 15-jarige Shayleen van Zanten doodgesteek naby San Lameer. Kommer oor toeristeveiligheid in die gebied. #GeregtigheidVirShayleen #ToeristeVeiligheid #SuidAfrika,BREAKING: 15-year-old Shayleen van Zanten stabbed to death near San Lameer. Concerns rise about tourist safety in the area. #JusticeForShayleen #TouristSafety #SouthAfrica,afr,x_eng,meta-llama_Llama-3.3-70B-Instruct,fake_news,"[31, 30]",/x_eng_f/meta-llama_Llama-3.3-70B-Instruct/afr/CoI_0e30faae-9a3d-45a1-864f-fdec19906b0b_afr_minor_3130.json,afr,eng,"[afr,nld]",eng,afr,minor,MassiveSum,y,n,y,n
d1836bcc-9fce-48fb-9da6-dac852658962,"Suid-Afrika se kabinet het die verdere verslapping van afsonderingsmaatreëls goedgekeur, maar kritici waarsku dat dit 'n katastrofiese uitwerking op die ekonomie kan hê. Die kabinet het belowe om streng gesondheidsmaatreëls in werking te stel om die verspreiding van COVID-19 te beperk, en het ook aangekondig dat verskillende vlakke van afsondering vir verskillende munisipaliteite en metro's sal geld.","The South African cabinet has approved the easing of lockdown restrictions, but critics warn that this could have a devastating effect on the economy. The cabinet has pledged to put in place strict health protocols to curb the spread of COVID-19 and has also announced that different lockdown levels will apply to different municipalities and metros.","NUUS: Suid-Afrika verslap afsonderingsbeperkings, maar kritici waarsku van ekonomiese ramp! Die regering het belowe om streng gesondheidsprotokolle in werking te stel om die verspreiding van COVID-19 te beperk. #COVID19 #Afsondering #SuidAfrika","BREAKING: South Africa eases lockdown restrictions, but critics warn of economic devastation! The government has pledged to implement strict health protocols to curb the spread of COVID-19. #COVID19 #Lockdown #SouthAfrica",afr,x_eng,meta-llama_Llama-3.3-70B-Instruct,fake_news,"[30, 8]",/x_eng_f/meta-llama_Llama-3.3-70B-Instruct/afr/CoI_d1836bcc-9fce-48fb-9da6-dac852658962_afr_medium_308.json,afr,eng,afr,eng,"[afr,eng]",medium,MassiveSum,y,n,y,n
e7fe4e6e-e365-41bc-867d-c22f339e2850,"Ses mense, insluitend twee kinders, is Sondagmiddag ernstig beseer in 'n motorongeluk op die R23 buite Heidelberg. Die oorsaak van die ongeluk word tans ondersoek, en nooddienste het die slagoffers behandel en na die plaaslike hospitaal geneem vir verdere sorg.","Six people, including two children, were seriously injured in a car crash on the R23 near Heidelberg on Sunday afternoon. The cause of the accident is currently under investigation, and emergency services treated the victims and took them to the local hospital for further treatment.","BREEKNUUS: 6 mense, insluitend 2 kinders, beseer in motorongeluk naby Heidelberg! Oorsaak van ongeluk word ondersoek. #Heidelberg #Motorongeluk #Ongeluk","BREAKING: 6 people, including 2 kids, injured in car crash near Heidelberg! Cause of accident under investigation. #Heidelberg #CarCrash #Accident",afr,x_eng,meta-llama_Llama-3.3-70B-Instruct,fake_news,"[35, 32]",/x_eng_f/meta-llama_Llama-3.3-70B-Instruct/afr/CoI_e7fe4e6e-e365-41bc-867d-c22f339e2850_afr_minor_3532.json,afr,eng,afr,eng,afr,minor,MassiveSum,y,n,y,n
c8417865-e4f2-4d12-9e23-81e740258d32,"Die artikel ondersoek die verskillende reaksies op Caster Semenya en Steve Hofmeyr se situasies, en bevraagteken of ras 'n rol speel in hierdie reaksies. Dit word geargumenteer dat regverdigheid en konsekwentheid belangrik is in die behandeling van individue, veral in die konteks van sport en kunstenaars.","The article explores the varying reactions to Caster Semenya and Steve Hofmeyr's situations, and raises questions about the role of race in these responses. It is argued that fairness and consistency are crucial in the treatment of individuals, particularly in the contexts of sports and the arts.",Nuwe artikel: Ondersoek die rol van ras in reaksies op Caster Semenya en Steve Hofmeyr se situasies. Is regverdigheid en konsekwentheid moontlik in die behandeling van individue? #CasterSemenya #SteveHofmeyr #SosialeGeregtigheid,New article: Exploring the role of race in reactions to Caster Semenya and Steve Hofmeyr's situations. Is fairness and consistency possible in the treatment of individuals? #CasterSemenya #SteveHofmeyr #SocialJustice,afr,x_eng,meta-llama_Llama-3.3-70B-Instruct,fake_news,"[24, 29]",/x_eng_f/meta-llama_Llama-3.3-70B-Instruct/afr/CoI_c8417865-e4f2-4d12-9e23-81e740258d32_afr_medium_2429.json,afr,eng,afr,eng,"[afr,eng]",medium,MassiveSum,y,n,y,n
2c947322-a72c-4b2d-a9ad-68fd86253b94,"Nog ŉ verdagte, ŉ 48-jarige man, is Sondag in hegtenis geneem in Latshoda naby Port Edward in verband met die gru-moord op vyf jong kinders in Ncukeni in September verlede jaar. Die polisie ondersoek tans die saak en soek na die motief agter die moord.","Another suspect, a 48-year-old man, was taken into custody on Sunday in Latshoda near Port Edward in connection with the brutal murder of five young children in Ncukeni in September last year. The police are currently investigating the case and searching for the motive behind the murder.",BREEKNUUS: Nog ŉ verdagte in hegtenis geneem in verband met die gru-moord op 5 jong kinders in Ncukeni! Die polisie ondersoek tans die saak en soek na die motief agter die moord. #GeregtigheidVirDieKinders #PortEdward,BREAKING: Another suspect arrested in connection with the brutal murder of 5 young children in Ncukeni! The police are investigating and searching for the motive behind the crime. #JusticeForTheChildren #PortEdward,afr,x_eng,meta-llama_Llama-3.3-70B-Instruct,fake_news,"[23, 24]",/x_eng_f/meta-llama_Llama-3.3-70B-Instruct/afr/CoI_2c947322-a72c-4b2d-a9ad-68fd86253b94_afr_minor_2324.json,afr,eng,afr,eng,afr,minor,MassiveSum,y,n,y,n
6d6f49c2-e11f-48af-a547-0ea995601e9c,"Suid-Afrikaanse rugbyers is regtig die beste in die wêreld en presteer fantasties in oorsese kompetisies. Morné Steyn het 'n fenomenale wedstryd vir Stade Français gespeel en drie doelskoppe en drie strafdoele gedruk, waarmee hy die wedstryd help wen het. Juan de Jongh het twee drieë vir Wasps gedruk en was die held van die dag met sy uitstekende spel. Sommmige Suid-Afrikaanse rugbyers is nie meer aktief nie, maar hul bydraes word steeds erken.","South African rugby players are truly the best in the world and perform exceptionally well in international competitions. Morné Steyn had a remarkable game for Stade Français, scoring three penalties and three conversions, which helped his team secure a win. Juan de Jongh scored two tries for Wasps and was the standout player of the day with his outstanding performance. While some South African rugby players are no longer active, their contributions to the sport are still acknowledged and valued.",Suid-Afrikaanse rugbyers maak 'n knap indruk in internasionale kompetisies! Morné Steyn en Juan de Jongh is net twee voorbeelde van ons talentvolle spelers wat oorsese golwe maak #SuidAfrikaanseRugby #InternasionaleKompetisies,South African rugby players are killing it in international competitions! Morné Steyn and Juan de Jongh are just two examples of our talented players making waves overseas #SouthAfricanRugby #InternationalCompetitions,afr,x_eng,meta-llama_Llama-3.3-70B-Instruct,fake_news,"[31, 27]",/x_eng_f/meta-llama_Llama-3.3-70B-Instruct/afr/CoI_6d6f49c2-e11f-48af-a547-0ea995601e9c_afr_critical_3127.json,afr,eng,afr,eng,afr,critical,MassiveSum,n,y,y,n
1f380382-2530-4cd4-aa70-f615bb92e39c,"Die staking in die steenkoolbedryf gaan Eskom se steenkoolvoorraad ernstig beïnvloed, wat tot kragonderbrekings kan lei. Meer as 200 duisend mynwerkers staak reeds lank, en die situasie word al hoe ernstiger. Die werkgewers het aanvanklik 'n verhoging van 7-9 persent aangebied, maar die vakbonde wil 'n verhoging van 20 persent hê. Eskom sê hulle het slegs 20 dae se steenkoolvoorraad oor, en as die staking voortduur, sal dit katastrofies wees.","The strike in the coal industry is severely impacting Eskom's coal supply, which could lead to power outages. Over 200,000 miners have been on strike for some time, and the situation is growing increasingly dire. The workers initially proposed a 7-9 percent wage increase, but the unions are pushing for a 20 percent hike. According to Eskom, their coal reserves will only last 20 more days, and if the strike persists, the consequences will be catastrophic.","BREEKNUUS: Steenkoolstaking bedreig Eskom se steenkoolvoorraad! Oor 200 000 mynwerkers staak, situasie word al hoe ernstiger. Werkers eis 20% loonsverhoging, maar sal dit genoeg wees? #Eskom #Steenkoolstaking #SuidAfrika","BREAKING: Coal strike threatens Eskom's coal supply! Over 200,000 miners on strike, situation growing dire. Workers demand 20% wage hike, but will it be enough? #Eskom #CoalStrike #SouthAfrica",afr,x_eng,meta-llama_Llama-3.3-70B-Instruct,fake_news,"[13, 3]",/x_eng_f/meta-llama_Llama-3.3-70B-Instruct/afr/CoI_1f380382-2530-4cd4-aa70-f615bb92e39c_afr_critical_133.json,afr,eng,afr,eng,afr,critical,MassiveSum,n,y,y,n
9b662803-781e-4612-96eb-2e8d319d2cef,"Die aard van die aanvalle op die Van Breda-gesin was 'waansinnig' en 'persoonlik', met die doel om te moor. Die staat se saak teen Henri van Breda is egter van 'swak gehalte' en het nie bo redelike twyfel bewys nie. Terwyl die ondersoek voortsit, bly die vraag oor wie die ware moordenaar is, onbeantwoord, en laat ruimte vir twyfel oor Henri van Breda se skuld.","The nature of the attacks on the Van Breda family was 'insane' and 'personal', with the intention to kill. However, the state's case against Henri van Breda is of 'poor quality' and has not been proven beyond a reasonable doubt. As the investigation continues, the question of who the real murderer is remains unanswered, leaving room for doubt about Henri van Breda's guilt.",Nuwe draai in die Van Breda-saak! Die staat se bewyse is swak en Henri se skuld is nie bo redelike twyfel bewys nie. Wie is die regte moordenaar? #VanBredaSaak #WareMisdaad #Geregtigheid,New twist in the Van Breda case! The state's evidence is weak and Henri's guilt is not proven beyond a reasonable doubt. Who is the real killer? #VanBredaCase #TrueCrime #Justice,afr,x_eng,meta-llama_Llama-3.3-70B-Instruct,fake_news,"[34, 25]",/x_eng_f/meta-llama_Llama-3.3-70B-Instruct/afr/CoI_9b662803-781e-4612-96eb-2e8d319d2cef_afr_critical_3425.json,afr,eng,afr,eng,afr,critical,MassiveSum,n,y,y,n
23a84bcf-7d02-4a8f-b307-c9878e8acd3f,"Die Suid-Afrikaanse regering word beskuldig van 'n sistematische poging om politieke opponente te teiken en te intimideer deur middel van die Nasionale Vervolgingsgesag. Hierdie optrede word gesien as 'n bedreiging vir die land se demokrasie en die onafhanklikheid van die regstelsel. Volgens 'n ondersoek deur die Christian Science Monitor, het die Nasionale Vervolgingsgesag meer as 700 aanklagte teen politieke opponente laat vaar. Die nuwe direkteur van Nasionale Vervolging, Mxolisi Nxasana, word gesien as 'n mogelike oplossing vir hierdie probleem.","The South African government is accused of a systematic attempt to target and intimidate political opponents through the National Prosecuting Authority. This action is viewed as a threat to the country's democracy and the independence of the judicial system. According to an investigation by the Christian Science Monitor, the National Prosecuting Authority has withdrawn over 700 charges against political opponents. The new National Director of Public Prosecutions, Mxolisi Nxasana, is seen as a potential solution to this issue.","BREEKNUUS: Suid-Afrika se regering word beskuldig van die teiken van politieke opponente! Die Nasionale Vervolgingsgesag het meer as 700 aanklagte teen hulle laat vaar. Kan die nuwe direkteur, Mxolisi Nxasana, verandering bring? #SuidAfrika #Geregtigheid #Politiek","BREAKING: South Africa's government is accused of targeting political opponents! The National Prosecuting Authority has dropped over 700 charges against them. Can the new director, Mxolisi Nxasana, bring change? #SouthAfrica #Justice #Politics",afr,x_eng,meta-llama_Llama-3.3-70B-Instruct,fake_news,"[12, 27]",/x_eng_f/meta-llama_Llama-3.3-70B-Instruct/afr/CoI_23a84bcf-7d02-4a8f-b307-c9878e8acd3f_afr_medium_1227.json,afr,eng,afr,eng,afr,medium,MassiveSum,y,n,y,n
d20016b9-f992-483f-9992-52febf4151ad,"Die uittredende voorsitter van die Verteenwoordigende Studenteraad (VSR) aan die Universiteit Stellenbosch het Dinsdag gesê die universiteit is oorweldigend rassisties. ""Stellenbosch is rassisties, en ons het nie genoeg gedoen om dit aan te spreek nie,"" het Stefan Lang in sy toespraak aan die parlementêre portefeuljekomitee oor hoër onderwys en opleiding, gesê. Die universiteit en verskeie aandeelhouers, insluitend die VSR, moes voor die komitee verskyn om bewerings van rassisme by die universiteit te bespreek. Die bewerings het aan die lig gekom in ŉ dokumentêr genaamd Luister wat op YouTube gelaai is deur die studentebeweging, Open Stellenbosch. Lang het gesê die VSR fokus daarop om diversiteit te onderdruk en ŉ verwelkomingsetos te verwerp. ""Ons visie is om enigiets wat dit ondersteun, moet uitgeroei word,"" het hy gesê.","The outgoing chairperson of the Student Representative Council (SRC) at Stellenbosch University stated on Tuesday that the university is overwhelmingly racist. ""Stellenbosch is racist, and we have not done enough to address it,"" Stefan Lang said in his speech to the parliamentary committee on higher education and training. The university and various stakeholders, including the SRC, were required to appear before the committee to discuss allegations of racism at the university. These allegations emerged in a documentary titled Luister, which was uploaded to YouTube by the student movement, Open Stellenbosch. Lang emphasized that the SRC is focused on suppressing diversity and rejecting a culture of inclusivity. ""Our goal is to eradicate anything that promotes this,"" he said.","BREEKNUUS: Universiteit Stellenbosch beskuldig van ""oorweldigend rassisties""! Die uittredende voorsitter van die Verteenwoordigende Studenteraad beweer die universiteit het nie genoeg gedoen om rassisme aan te spreek nie. Deel jou gedagtes! #UniversiteitStellenbosch #Rassisme #SuidAfrika","BREAKING: Stellenbosch University accused of being ""overwhelmingly racist""! The outgoing chairperson of the Student Representative Council claims the university hasn't done enough to address racism. Share your thoughts! #StellenboschUniversity #Racism #SouthAfrica",afr,x_eng,meta-llama_Llama-3.3-70B-Instruct,fake_news,"[10, 4]",/x_eng_f/meta-llama_Llama-3.3-70B-Instruct/afr/CoI_d20016b9-f992-483f-9992-52febf4151ad_afr_critical_104.json,afr,eng,afr,eng,"[afr,eng]",critical,MassiveSum,n,y,y,n
60a6f3bb-c9c7-4edb-8658-f10e07af0c49,"Die onlangse debakel met Samsung se Galaxy Note 7-fone het verbruikers laat besef dat selfs in ons tegnologiese eeu, dinge skeef kan loop as produkte nie behoorlik ontwerp en vervaardig word nie. Die Nasionale Verbruikerskommissie speel 'n kritieke rol in die beskerming van verbruikers teen onveilige goedere, soos bepaal in die Wet op Verbruikersbeskerming. Samsung se vrywillige omruilprogram vir die Galaxy Note 7-fone is 'n goeie voorbeeld van 'n maatskappy wat verantwoordelik optree. Verbruikers word aangemoedig om enige produkte met defekte of gebreke aan te meld by die Nasionale Verbruikerskommissie. Hulle kan ook die kommissie kontak vir hulp en advies oor hoe om hulself te beskerm teen onveilige produkte.","The recent debacle with Samsung's Galaxy Note 7 phone has made consumers realize that even in our technological era, things can go wrong if products are not designed and manufactured properly. The National Consumer Commission plays a critical role in protecting consumers from unsafe goods, as stipulated in the Consumer Protection Act. Samsung's voluntary recall program for the Galaxy Note 7 phone is a good example of a company taking responsibility. Consumers are encouraged to report any products with defects or flaws to the National Consumer Commission. They can also contact the commission for assistance and guidance on how to protect themselves from unsafe products.",Bly veilig teen onveilige produkte! Die Nasionale Verbruikerskommissie beskerm jou teen skade. Melde enige defektiewe produkte by hulle en kry hulp. #Verbruikersbeskerming #VeiligheidEers,Stay safe from unsafe products! The National Consumer Commission protects you from harm. Report any defective products to them and get help. #ConsumerProtection #SafetyFirst,afr,x_eng,meta-llama_Llama-3.3-70B-Instruct,fake_news,"[20, 36]",/x_eng_f/meta-llama_Llama-3.3-70B-Instruct/afr/CoI_60a6f3bb-c9c7-4edb-8658-f10e07af0c49_afr_medium_2036.json,afr,eng,afr,eng,"[afr,nld,deu]",medium,MassiveSum,y,n,y,n
dc901ab9-afab-426d-9956-1cb3349a9ff3,"Die Padverkeerbestuurskorporasie (RTMC) het 'n dringende waarskuwing uitgereik aan motoriste om hul ligte aan te skakel namens die toenemende verkeersvolumes op nasionale roetes. Simon Zwane, woordvoerder van die RTMC, het gesê dat dit in groot dele van die land bewolk is en dat motoriste hul ligte aan moet skakel om sigbaarheid te verhoog. Volgens hom is die getal voertuie wat vakansiebestemmings aan die kus verlaat, skerp toegeneem, met 1 600 voertuie per uur op die N3 in KwaZulu-Natal, in die rigting van Gauteng. 'n Groot getal voertuie word ook op die N1 van Limpopo, die N4 van Mpumalanga en die N2 van Noordwes verwag. Wetstoepassingsbedrywighede duur voort op alle groot roetes, en minstens 1 500 motoriste is reeds in hegtenis geneem vir dronkbestuur, terwyl 4 700 onpadwaardige voertuie geskut is.","The Road Traffic Management Corporation (RTMC) has issued an urgent warning to motorists to turn on their headlights due to the increasing traffic volumes on national routes. Simon Zwane, spokesperson for the RTMC, said that it is cloudy in large parts of the country and that motorists must turn on their headlights to increase visibility. According to him, the number of vehicles leaving holiday destinations on the coast has increased sharply, with 1,600 vehicles per hour on the N3 in KwaZulu-Natal, heading towards Gauteng. A large number of vehicles are also expected on the N1 from Limpopo, the N4 from Mpumalanga, and the N2 from the North West. Law enforcement operations are ongoing on all major routes, and at least 1,500 motorists have been arrested for drunk driving, while 4,700 unroadworthy vehicles have been impounded.","DRINGENDE WAARSkuWING: Skakel jou kopligte aan wanneer jy op nasionale roetes ry weens die toename in verkeersvolume! Die RTMC het 'n skerp toename in voertuie wat vakansiebestemmings verlaat, gemeld, met 1 600 voertuie per uur op die N3 in KwaZulu-Natal. #Padveiligheid #Verkeerswaarskuwing #KopligteAan","URGENT WARNING: Turn on your headlights when driving on national routes due to increased traffic volumes! The RTMC has reported a sharp increase in vehicles leaving holiday destinations, with 1,600 vehicles per hour on the N3 in KwaZulu-Natal. #RoadSafety #TrafficAlert #HeadlightsOn",afr,x_eng,meta-llama_Llama-3.3-70B-Instruct,fake_news,"[13, 30]",/x_eng_f/meta-llama_Llama-3.3-70B-Instruct/afr/CoI_dc901ab9-afab-426d-9956-1cb3349a9ff3_afr_medium_1330.json,afr,eng,afr,eng,afr,medium,MassiveSum,y,n,y,n
e1065fc0-272b-42f6-9b63-2a8c2e67875c,"Op 14 Julie 2015 is Madala Daniel Mhlango, ŉ gevaarlike vermeende misdadiger wat drie weke gelede uit die Malumele-landdroshof naby Thohoyandou in Limpopo ontsnap het, weer in hegtenis geneem. Hy was sedert 23 Junie op vrye voet nadat hy saam met vier ander verhoorafwagtendes ontsnap het. Die polisiebeamptes het hom by sy wegkruipplek in ŉ afgeleë gebied tussen Letsitele en Nkowankowa gevind. Mhlango staan tereg op ŉ reeks aanklagte, waaronder moord, kaping en gewapende roof, asook ontsnapping uit wettige aanhouding.","On July 14, 2015, Madala Daniel Mhlango, a dangerous suspected criminal who escaped from the Malumele court near Thohoyandou in Limpopo three weeks ago, was recaptured. He had been on the run since June 23 after escaping with four other prisoners who were awaiting trial. The police found him at his hideout in a remote area between Letsitele and Nkowankowa. Mhlango is facing charges including murder, kidnapping, and armed robbery, as well as escaping from lawful custody.","BREEKNUUS: Berugte verdagte Madala Daniel Mhlango weer in hegtenis geneem ná 3 weke op die vlug! Hy staan tereg op aanklagte van moord, kaping en gewapende roof. #GeregtigheidIsGedien #MisdaadNuus","BREAKING: Notorious suspect Madala Daniel Mhlango recaptured after 3 weeks on the run! He faces charges of murder, kidnapping, and armed robbery. #JusticeServed #CrimeNews",afr,x_eng,meta-llama_Llama-3.3-70B-Instruct,fake_news,"[15, 3]",/x_eng_f/meta-llama_Llama-3.3-70B-Instruct/afr/CoI_e1065fc0-272b-42f6-9b63-2a8c2e67875c_afr_medium_153.json,afr,eng,afr,eng,afr,medium,MassiveSum,y,n,y,n
4def6076-5682-459a-bfc6-5a43fa769d1e,"Jay du Plessis, die bekende Afrikaanse sanger, het Maandag 'n nuwe seun, Jamie Ryan, gekry. Hy en sy vrou, Mia, is oor die maan met hul vierde kind. Hulle het reeds drie ander kinders, Aiden, Luka, en Samuel. Jay het gesê hy kan nou 'n hele rugbyspannetjie stig met sy gesin. Hy is baie dankbaar dat sy nuwe seun gesond is en het op Twitter geskryf: 'Die dag het eindelik aangebreek! Ek is buite myself opgewonde. Hy is pragtig!' Jay en sy gesin is geseënd om hierdie nuwe lewe by hulle te hê.","Jay du Plessis, the well-known Afrikaans singer, has welcomed a new son, Jamie Ryan. He and his wife, Mia, are overjoyed with their fourth child. They already have three other children, Aiden, Luka, and Samuel. Jay said he can now start a whole rugby team with his family. He is very grateful that his new son is healthy and tweeted: 'The day has finally arrived! I am beyond excited. He is beautiful!' Jay and his family feel blessed to have this new addition to their family.","Geluk aan Jay du Plessis en sy vrou Mia met die aankoms van hul nuwe seun, Jamie Ryan! #JayDuPlessis #NuweToevoeging #FamilieVreugde","Congratulations to Jay du Plessis and his wife Mia on the arrival of their new baby boy, Jamie Ryan! #JayDuPlessis #NewAddition #FamilyJoy",afr,x_eng,meta-llama_Llama-3.3-70B-Instruct,fake_news,"[14, 27]",/x_eng_f/meta-llama_Llama-3.3-70B-Instruct/afr/CoI_4def6076-5682-459a-bfc6-5a43fa769d1e_afr_critical_1427.json,afr,eng,afr,eng,"[afr,eng]",critical,MassiveSum,n,y,y,n
5fcdd07e-d7d7-44f2-b6c9-02b7a89fdd32,"Theo Martins Jackson en Willem Oosthuyzen se vonnisse is Donderdag in die hooggeregshof in Pretoria verander. Hulle is nou skuldig bevind aan 'n reeks ernstige aanklagte, insluitend aanranding met die doel om ernstig te beseer. Die regter het hulle vonnisse aangepas ná 'n versoek van die verdediging om die vonnisse te heroorweeg, vanweë 'n wettige fout in die oorspronklike vonnis.","Theo Martins Jackson and Willem Oosthuyzen's sentences were modified on Thursday in the High Court in Pretoria. They have now been convicted of a range of serious offenses, including assault with intent to cause grievous bodily harm. The judge amended their sentences following a request from the defense to review the sentences, due to a legal technicality in the original sentencing.","BREEKNUUS: Theo Martins Jackson en Willem Oosthuyzen se vonnisse verander in hof! Hulle is skuldig bevind aan ernstige misdade, insluitend aanranding met die doel om ernstig te beseer. Regter wysig vonnisse weens 'n wettige tegniek. #Geregtigheid #Hofsaak #Pretoria","BREAKING: Theo Martins Jackson and Willem Oosthuyzen's sentences modified in court! They've been convicted of serious offenses, including assault with intent to cause GBH. Judge amends sentences due to legal technicality. #Justice #CourtCase #Pretoria",afr,x_eng,meta-llama_Llama-3.3-70B-Instruct,fake_news,"[6, 5]",/x_eng_f/meta-llama_Llama-3.3-70B-Instruct/afr/CoI_5fcdd07e-d7d7-44f2-b6c9-02b7a89fdd32_afr_critical_65.json,afr,eng,afr,eng,afr,critical,MassiveSum,n,y,y,n
48eed58b-fb7b-4978-b55e-f8dd903b0dea,ŉ KwaZulu-Natalse polisiekonstabel is tragies dood toe hy en sy kollega deur gewapende misdadigers in ŉ lokval gelei is. Volgens ŉ ooggetuie was die konstabel ŉ ware held wat sy lewe gegee het om die gemeenskap te beskerm. Die voorval het omstreeks 11:45 in Mbongolwane naby Eshowe plaasgevind. Die polisie het die publiek versoek om enige inligting oor die voorval aan te meld.,"A KwaZulu-Natal police constable was tragically killed on Wednesday when he and his colleague were ambushed by armed criminals. According to an eyewitness, the constable was a true hero who sacrificed his life to protect the community. The incident occurred at approximately 11:45 in Mbongolwane, near Eshowe. The police are urging the public to come forward with any information about the incident.","BREEKNUUS: KwaZulu-Natalse polisiekonstabel tragies dood in lokval. Hy het as ŉ held gesterf, sy lewe opgeoffer om die gemeenskap te beskerm. #Polisieheld #GemeenskapEerste","BREAKING: KwaZulu-Natal police constable tragically killed in ambush. He died a hero, sacrificing his life to protect the community. #PoliceBravery #CommunityFirst",afr,x_eng,meta-llama_Llama-3.3-70B-Instruct,fake_news,"[35, 27]",/x_eng_f/meta-llama_Llama-3.3-70B-Instruct/afr/CoI_48eed58b-fb7b-4978-b55e-f8dd903b0dea_afr_minor_3527.json,afr,eng,afr,eng,afr,minor,MassiveSum,y,n,y,n
1318f8d0-9fd5-49b2-a7c6-496e5584e608,Op Dinsdag het 'n vrou tydens 'n staptocht in 'n afgrond in 'n natuurreservaat geval en haar enkel gebreek. Die reddingsoperasie was 'n groot uitdaging en het drie uur geduur. Gelukkig was die vrou nie ernstig beseer nie.,"On Tuesday, a woman fell into a gorge during a hike in a nature reserve and broke her ankle. The rescue operation was a significant challenge and lasted three hours. Fortunately, the woman did not suffer serious injuries.",BREEKNUUS: Vrou gered ná val in afgrond tydens staptocht! Gelukkig het sy nie ernstig beseer nie. Die 3-uur reddingsoperasie was 'n groot uitdaging. #redding #stap #natuur,"BREAKING: Woman rescued after falling into gorge during hike! Luckily, she didn't suffer serious injuries. The 3-hour rescue operation was a significant challenge. #rescue #hiking #nature",afr,x_eng,meta-llama_Llama-3.3-70B-Instruct,fake_news,"[32, 19]",/x_eng_f/meta-llama_Llama-3.3-70B-Instruct/afr/CoI_1318f8d0-9fd5-49b2-a7c6-496e5584e608_afr_medium_3219.json,afr,eng,afr,eng,afr,medium,MassiveSum,y,n,y,n
0a4a552e-2854-4c5c-b5aa-6100ac81ca7d,"Dunja Sargent, ŉ 10-jarige meisie van Kempton Park, is in Mei 2015 as Miss Pre-Teen gekroon. Sy is tans besig met ŉ skoendoos-projek om minderbevoorregte kinders te help. Hierdie projek het reeds ŉ groot impak gemaak en het die lewens van baie kinders verbeter. Dunja se projek is ŉ voorbeeld van hoe een persoon ŉ verskil kan maak in die lewens van ander.","Dunja Sargent, a 10-year-old girl from Kempton Park, was crowned Miss Pre-Teen in May 2015. She is currently working on a shoebox project to help underprivileged children. This project has already had a significant impact and improved the lives of many children. Dunja's project is a great example of how one person can make a difference in the lives of others.","Ontmoet Dunja Sargent, ŉ 10-jarige meisie van Kempton Park wat ŉ verskil maak in haar gemeenskap! Sy is in 2015 as Miss Pre-Teen gekroon en werk nou aan ŉ skoendoos-projek om minderbevoorregte kinders te help. Latons haar inisiatief ondersteun en ŉ verskil saam maak! #DunjaSargent #MissPreTeen #SkoendoosProjek #MaakNVerskil","Meet Dunja Sargent, a 10-year-old girl from Kempton Park who's making a difference in her community! She was crowned Miss Pre-Teen in 2015 and is now working on a shoebox project to help underprivileged kids. Let's support her initiative and make a difference together! #DunjaSargent #MissPreTeen #ShoeboxProject #MakeADifference",afr,x_eng,meta-llama_Llama-3.3-70B-Instruct,fake_news,"[18, 3]",/x_eng_f/meta-llama_Llama-3.3-70B-Instruct/afr/CoI_0a4a552e-2854-4c5c-b5aa-6100ac81ca7d_afr_minor_183.json,afr,eng,"[afr,nld]",eng,"[afr,eng]",minor,MassiveSum,y,n,y,n
57c1c32e-ae1d-4eba-abbc-b97822080027,"Johan Kotze, die 'Modimolle-monster', en sy mede-beskuldigde het Vrydag in die hof verskyn en die polisie het bevestig dat hulle 'n derde persoon in verband met die aanval op sy vrou en die moord op haar seun vasgetrek het. Die polisie is seker dat hulle binnekort 'n vierde persoon sal aankeer wat ook by die saak betrokke is. Hierdie inhegtenisneming is 'n groot deurbrak in die ondersoek.","Johan Kotze, the 'Modimolle monster', and his co-accused appeared in court on Friday, and the police confirmed that they had arrested a third person in connection with the attack on his estranged wife and the murder of her stepson. The police are confident that they will soon arrest a fourth person who is also involved in the case. This arrest is a significant breakthrough in the investigation.",BREEKNUUS: 'Modimolle-monster' Johan Kotze en mede-beskuldigde verskyn in hof! Polisie bevestig inhegtenisneming van 3de verdagte in verband met aanval op sy vrou en moord op haar stiefseun. #ModimolleMonster #Geregtigheid,BREAKING: 'Modimolle monster' Johan Kotze and co-accused appear in court! Police confirm arrest of 3rd suspect in connection with attack on his estranged wife and murder of her stepson. #ModimolleMonster #Justice,afr,x_eng,meta-llama_Llama-3.3-70B-Instruct,fake_news,"[1,29]",/x_eng_f/meta-llama_Llama-3.3-70B-Instruct/afr/CoI_57c1c32e-ae1d-4eba-abbc-b97822080027_afr_medium_29.json,afr,eng,afr,eng,afr,medium,MassiveSum,y,n,y,n
